mutant,wt,pos,subs,column_conservation,prediction_epistatic,prediction_independent,evol_indices,Ensemble_ESM1v,SaProt_PDB,SaProt_AF,VESPA,tranception_score,tranception_retrieval,trancepteve,DMS_score,EVEREST
V67A,V,67,A,0.3022815750779115,-4.795040148687349,-1.3379058868805824,-7.007019,-0.1826886653900145,-0.1883687973022461,-0.1493805795907974,-0.3886427415155179,-0.0028724251,-0.0047517149127345,-0.0110643231052962,0.0120766038627639,2.9487796977538565
V67E,V,67,E,0.3022815750779115,-4.618139579850322,-0.8995883592240286,-7.8508606,-0.3513346672058105,-0.7706295847892761,0.1366332322359085,-0.4918168977706109,-0.014869141,-0.0077258314254794,-0.0152492902136796,-0.0042816232584677,2.7303685254653134
V67G,V,67,G,0.3022815750779115,-5.071658033300992,-2.2537831372292088,-7.1621704,-0.2229120731353759,0.0502846799790859,0.2090592980384826,-0.5279421182579119,-0.02207062,-0.0133649476579746,-0.0171405211189724,-0.0003739104366372,2.943261214846988
V67L,V,67,L,0.3022815750779115,-5.15806103682371,-2.1361334785155552,-7.4984436,-0.1180683612823486,-0.0356010794639587,-0.2751890122890472,-0.3359997228321406,-0.0048708646,-0.0073855907448606,-0.0122172037760416,0.0296897986648954,2.870119891249553
V67M,V,67,M,0.3022815750779115,-8.625002791448424,-7.166562248340414,-10.998291,-1.7706222057342529,-0.9294509291648864,-1.0551080703735352,-0.3679447889400185,-0.0047705946,-0.0148442754682326,-0.0185378118856063,-0.0555201711596683,2.017590128579967
I68K,I,68,K,0.2497684301481728,-1.748115414471613,-1.50423581572166,-0.39456177,0.1544873714447021,-0.6666799783706665,0.2938871383666992,-0.4180413346817884,-0.008768651,-0.005802482958661,-0.0037631272743343,0.0523184872740062,3.9339063914768326
I68L,I,68,L,0.2497684301481728,-4.051438992961266,-1.3707346770896784,-5.7385254,0.2418528079986572,-0.0451162382960319,-0.0154192568734288,-0.2396182215545437,-0.009070012,-0.0161723627423082,-0.0124777989671719,0.0150630022589208,3.1929413539812272
I68M,I,68,M,0.2497684301481728,-4.254616312386133,-2.754594319381297,-5.508545,-1.4024158000946043,-1.5911531448364258,-1.26194965839386,-0.2926913229605782,-0.0025006114,-0.0060399204953091,-0.0096153444538579,-0.0016590318527915,3.059299218674415
I68R,I,68,R,0.2497684301481728,-5.580813067756026,-4.118843825345637,-6.540436,-0.055870246887207,-1.1239182949066162,-0.3756965398788452,-0.4202825313269532,-0.012578088,-0.0175788323610824,-0.014614568377699,-0.0024422611461798,2.9364125081733987
I68T,I,68,T,0.2497684301481728,-0.5760818650614965,0.8855183385660954,1.9779663,0.8227131366729736,-1.075481653213501,-0.1262246668338775,-0.3219354655365781,0.0002759667,0.00134846601002,0.002721504396687,-0.0014623729016283,4.18220071977743
I68V,I,68,V,0.2497684301481728,-3.7092408527478256,-1.5042357822123256,-5.5078735,0.1043886184692382,-0.3327032923698425,-0.0165029224008321,-0.2169256000245247,-0.0043474613,-0.0067801907099372,-0.0091750963897368,0.0226436342699016,3.2013963176303073
L69F,L,69,F,0.3215788516042741,-5.352837389846172,-2.032768770206869,-9.540985,-0.8323282241821289,-1.1810859441757202,-0.5745617151260376,-0.4035502178292884,-0.014497149,-0.01003253591508,-0.0168250886020281,-0.0846677200116058,2.3446529897772415
L69I,L,69,I,0.3215788516042741,-1.7343305555605184,0.9418398340412146,-1.4693604,-0.1507032394409179,-0.0206431299448013,-0.1502458453178405,-0.3156743862505108,-0.009374204,-0.0021277421357616,-0.0042149962705229,-0.0064146519976802,3.870450655537596
L69S,L,69,S,0.3215788516042741,-5.782155538539882,-1.1729034713194586,-9.136017,0.4812994956970214,-0.7216243743896484,0.5856927633285522,-0.4726019875534287,-0.021295179,-0.0211724287626759,-0.0206898064013348,-0.393972959590685,2.472499296840044
L69V,L,69,V,0.3215788516042741,-4.755750321519372,-0.8474545573565369,-7.586151,0.0261281490325927,-0.4852737784385681,0.0076804100535809,-0.3519834663995713,-0.015018943,-0.0081117811055635,-0.0149435923325831,-0.397083731717093,2.809360577714056
T70A,T,70,A,0.2822120456089813,-0.2555190978800965,0.1496605656974274,2.304657,-0.6139779567718506,-1.8590903282165527,-1.702105164527893,-0.3394121009546696,0.005927664,0.0042617494696812,0.0048836377545961,0.0472592688578637,4.100588022156834
T70I,T,70,I,0.2822120456089813,-4.751549185755721,-2.938845611739042,-6.5112915,-1.7023847579956055,-3.9454870223999023,-4.57562780380249,-0.3903599576449246,-0.018773634,-0.0099192570903179,-0.0150697889180636,-0.153868899655099,2.621621594108585
T70N,T,70,N,0.2822120456089813,-1.9609891027284905,1.2363174556317245,-1.3352661,0.3061596393585205,0.6007097959518433,0.2857451140880584,-0.32333993927362,-0.01376282,-0.0021558681597509,-0.0054387814688103,-0.0177032919634655,3.97045182710998
T70P,T,70,P,0.2822120456089813,-4.941928470903804,-2.4314988001249493,-6.5473633,-0.2241477727890014,0.0839049220085144,1.2168924808502195,-0.3585164996581117,-0.021534566,-0.0194408088330401,-0.0172947426768591,0.0438580046775975,3.0616869350433253
T70S,T,70,S,0.2822120456089813,-2.5693471769782263,-0.1112483841834131,-2.813507,0.5131919622421265,0.7623635530471802,0.9767374396324158,-0.2821010413351149,-0.0027714847,-0.0016698100445812,-0.0045752620065449,0.0686926063357029,3.7671058777239237
T70W,T,70,W,0.2822120456089813,-5.47291205178044,-3.3389594972913272,-7.668518,-3.314332056045532,-2.58595609664917,-4.3025007247924805,-0.4656842742736645,-0.048405502,-0.0302128739178049,-0.0253746083240635,-0.2568612653834,2.5809999587209655
G71A,G,71,A,0.1874110599270456,-6.140096213777724,-1.809141464100116,-10.254486,-0.5723061561584473,0.220905065536499,0.214435413479805,-0.4003108590070615,-0.02159429,-0.014083087575883,-0.0207144966714955,-0.14289343880837,2.291643906726128
G71C,G,71,C,0.1874110599270456,-7.769104805654933,-4.171763048530069,-11.793701,-2.2679203510284425,-6.71196985244751,-4.5363287925720215,-0.5594675663753299,-0.049863726,-0.0329149258847268,-0.0323615168893574,-0.8288499014268179,1.3752703728729925
G71D,G,71,D,0.1874110599270456,-5.698585662803453,-1.2631286945493363,-9.886322,-0.0597293853759765,-0.8825034499168396,0.2007603198289871,-0.4582969914517745,-0.030047093,-0.0174718524183395,-0.0221523933326435,-0.540889820207305,2.292214327920791
G71R,G,71,R,0.1874110599270456,-6.692578640468128,-2.5950462431380457,-10.521515,-0.6570632457733154,-1.7454502582550049,-0.8023730516433716,-0.5068792796345734,-0.03441763,-0.0267227543374034,-0.0263694780025524,-0.7071247573680779,2.0742447063886744
G71S,G,71,S,0.1874110599270456,-4.949497827470623,-0.5967942742235597,-7.4350586,0.3889066219329834,0.7602005004882812,0.9458630084991456,-0.3906170073813785,-0.01883066,-0.0106059699658526,-0.016267957540011,-0.279376418594907,2.958864303504319
G71V,G,71,V,0.1874110599270456,-5.212850198761771,-2.009433692751305,-8.10257,-1.4706503868103027,-2.1829981803894043,-2.087970972061157,-0.5482889129541679,-0.043125033,-0.0227145432899593,-0.0239986562834143,-0.9979972977958008,2.5429293980355907
N72D,N,72,D,0.3232154276487884,-5.9285168492933735,-1.9382331218180724,-9.987976,-0.9785086154937744,-2.627727031707764,-1.2850456237792969,-0.4684566551744329,-0.017837662,-0.020250737272351,-0.0207144629876345,-0.191578900859966,2.122207669035315
N72H,N,72,H,0.3232154276487884,-6.908375511091435,-3.4749087429779486,-10.727722,-2.795749235153198,-4.859861850738525,-3.928440570831299,-0.5181707268245815,-0.024753172,-0.0230230200895936,-0.0238378158468284,-0.257443565989449,1.7675361675687948
N72I,N,72,I,0.3232154276487884,-5.366977124625919,-3.1889376471934945,-8.014557,-2.761755275726318,-6.6427083015441895,-4.8658318519592285,-0.7368967155714315,-0.029700909,-0.0175075909949296,-0.0202100134843232,-0.418962366949039,2.0597785711724836
N72K,N,72,K,0.3232154276487884,-5.990011606001644,-1.6328316075089229,-9.734253,-1.6770398139953613,-2.5149571895599365,-1.8211894035339355,-0.5325574514123457,-0.019940916,-0.0135949410613272,-0.0190326446465835,-0.184514913273688,2.186563514418261
N72S,N,72,S,0.3232154276487884,-4.569390187272802,0.6439134070896517,-6.2507324,-0.8587182998657227,-2.5200681686401367,-1.079215168952942,-0.4687503104947979,-0.011878851,-0.0038389496455918,-0.0116847798261158,-0.336227111510334,2.8308952061186323
N72T,N,72,T,0.3232154276487884,-3.095693272630569,-0.0994614048658957,-4.485718,-1.7616302013397216,-3.458706855773926,-2.1370794773101807,-0.5347364790515025,-0.017364878,-0.0078388070954918,-0.0112163215283526,-0.33198309798134,2.9862440296956714
N72Y,N,72,Y,0.3232154276487884,-6.539594929628947,-3.188937701807652,-10.830994,-3.1370473384857176,-5.207350254058838,-4.218515872955322,-0.6875944779587307,-0.029763673,-0.0250316224087679,-0.0251081016153162,-0.404753058133187,1.7147706279010153
S73A,S,73,A,0.3158375682984856,-6.303569248164422,-1.3520509450718872,-11.204926,-1.093536615371704,1.598341941833496,0.7765331268310547,-0.3576962196042412,-0.014940935,-0.0190202658276421,-0.0211087662652628,0.0846196439668176,2.1340743867012537
S73L,S,73,L,0.3158375682984856,-6.414350595699943,-2.8910619688118824,-10.618866,-1.8156724214553832,-0.4747326970100403,-1.075841784477234,-0.4919843320308937,-0.027759496,-0.0152081285354581,-0.0223510775871361,-0.292084231046941,2.1481507873315757
S73P,S,73,P,0.3158375682984856,-7.450689925412007,-3.2946721740355667,-12.418091,-1.0113481044769288,-3.9076743125915527,-3.25584077835083,-0.4238519322653025,-0.019592885,-0.0208852064793736,-0.0237996857161027,-0.8032175489262059,1.4245223033933054
S73T,S,73,T,0.3158375682984856,-6.427401693006686,-1.1578688713208405,-10.992615,-0.873473072052002,0.0093081556260585,-0.7130710482597351,-0.3479956247897006,-0.012148726,-0.017900917440587,-0.0205644182285199,-0.0389842993495078,2.086073341904622
S74A,S,74,A,0.3156193912581359,-5.55898318410982,-1.5776042971108608,-9.33252,-1.842607879638672,-2.805018663406372,-1.9939771890640257,-0.404744913825385,-0.017010499,-0.0110609041933982,-0.0174528378787682,-0.213478707378162,2.243432225928374
S74C,S,74,C,0.3156193912581359,-8.972013610814429,-7.444551164278495,-11.885101,-4.104175662994384,-8.406606674194336,-6.8711137771606445,-0.5317038089101739,-0.037163377,-0.0280909254061465,-0.0281378133407491,-0.722814726595712,1.2053141214587342
S74F,S,74,F,0.3156193912581359,-6.168408493984316,-3.6518919223327058,-8.3723755,-2.994996953010559,-6.301694393157959,-4.413018703460693,-0.5649962099095812,-0.036266714,-0.020232649038959,-0.0213332018315397,-0.6803383900357249,2.046668831288272
S74P,S,74,P,0.3156193912581359,-3.9013095636328217,0.5888832281914071,-4.930603,-1.845987582206726,0.0990043804049491,0.8832006454467773,-0.4787796899164001,-0.015665386,-0.0051567296581815,-0.0111081458085419,-0.100149641899105,3.347223940787249
S74T,S,74,T,0.3156193912581359,-5.85315215801711,-1.354431449371315,-9.432739,-0.19107106924057,0.3873114585876465,0.5528677105903625,-0.3673876812108847,-0.012913856,-0.0108706240622413,-0.0171589293490445,-0.0154090705922425,2.500561152346397
S74Y,S,74,Y,0.3156193912581359,-6.382681564973609,-3.144307900892221,-10.486694,-3.194801354408264,-6.117786407470703,-4.232698917388916,-0.5600804676526078,-0.032347653,-0.0186614316557154,-0.0233316484666029,-0.56927671308063,1.6996875138772634
L75F,L,75,F,0.2953166799056259,-7.528724810712447,-3.757841491144197,-12.194244,-0.9100585222244264,-2.5899882316589355,-1.239429593086243,-0.3511241281849273,-0.014713245,-0.0195863567967025,-0.0224445166177307,-0.908223826700873,1.5749629147853332
L75H,L,75,H,0.2953166799056259,-6.516953516380454,-3.250316228592089,-11.268524,-0.9998376846313476,-6.341103553771973,-4.058647632598877,-0.4850882316098101,-0.020620856,-0.0130036545641901,-0.0212927138305394,-1.02911528502123,1.5212184834810298
L75I,L,75,I,0.2953166799056259,-6.118024880186567,-2.7816447006388585,-10.391388,-0.5577189207077027,-1.0769965648651123,-0.3253643214702606,-0.2706912854730358,-0.008482727,-0.0081376166270005,-0.016692357347501,-0.541482826678326,2.158029344608936
L75P,L,75,P,0.2953166799056259,-5.711198264585619,-3.2503161616969987,-8.624786,-0.6584321975708007,-6.389285087585449,-2.3802199363708496,-0.4957976031990234,-0.03298977,-0.0184984354520212,-0.0214316092316414,-0.6440277980034129,1.9962714200709062
L75R,L,75,R,0.2953166799056259,-6.196151210544485,-2.781644558020532,-9.766693,-0.6111810684204102,-7.545176982879639,-3.722696542739868,-0.4318518108207239,-0.02115785,-0.0146709383191915,-0.0194785852832246,-0.7901756348686141,1.6769558379659073
L75V,L,75,V,0.2953166799056259,-5.748014264185258,-2.153624215855576,-10.204102,-0.4607152700424194,-2.0486085414886475,-0.8257263898849487,-0.3074773305642613,-0.010850328,-0.0096230412161113,-0.0172911385037251,-0.713429247260177,2.1234242984816754
C76F,C,76,F,0.364378070653321,-6.944586634095685,-3.589447025099496,-12.513031,-2.435317659378052,-11.993005752563477,-8.44289779663086,-0.9297343080100986,-0.059373263,-0.0386779650420806,-0.0346720781810499,-0.845880454926115,0.7129502859368183
C76G,C,76,G,0.364378070653321,-6.475688846934645,-3.653828168264688,-10.350037,-2.18234248161316,-11.075613975524902,-6.535581588745117,-0.9942533589396082,-0.07871622,-0.0398467613371792,-0.0360822024987496,-0.954327652458218,1.1339815600993541
C76R,C,76,R,0.364378070653321,-5.944981023834771,-4.564744622599839,-8.941345,-1.961186170578003,-11.182969093322754,-6.436863899230957,-1.025571599312942,-0.08064368,-0.0387902670348717,-0.0351521237270195,-1.1714259857825702,1.27972107311531
C76S,C,76,S,0.364378070653321,-5.097609199243379,-1.8091055124677924,-8.768005,-1.0384456634521484,-9.960200309753418,-6.264529705047607,-0.8317321723325363,-0.06447077,-0.0300228969413976,-0.0300701048726804,-0.866949072344126,1.4995982855400989
C76W,C,76,W,0.364378070653321,-8.49948370059974,-5.636182113716764,-13.171814,-4.115880918502808,-12.468560218811035,-8.883112907409668,-0.9977261926262212,-0.071556985,-0.0435622259481063,-0.039449140199236,-1.01639331643163,0.5528287915737264
C76Y,C,76,Y,0.364378070653321,-7.180274196738537,-3.7226321029881113,-12.1545105,-2.169996309280396,-11.93591594696045,-7.599966526031494,-0.9354933702805608,-0.06338373,-0.040285763098441,-0.0358687310292494,-0.913691922229502,0.772656244458457
G96A,G,96,A,0.3243245172559263,-5.858339730461012,-2.3360005240689845,-9.498627,-2.328137683868408,-1.4768346548080444,-1.731908082962036,-0.5071475742554443,-0.030142311,-0.0157189442885106,-0.021620929372758,-0.136288706465438,2.3283137087643113
G96E,G,96,E,0.3243245172559263,-6.314745818315714,-1.9069657687025845,-10.439606,-1.0658941745758057,-1.2198513746261597,-0.7866086959838867,-0.577243250258638,-0.023708794,-0.0135771559826849,-0.0206452931789372,-1.81204692049339,2.1352414186986914
G96R,G,96,R,0.3243245172559263,-7.171916863248043,-3.028913863497717,-12.128998,-2.434870481491089,-0.7951533198356628,-0.8641934394836426,-0.6090893452143177,-0.027691904,-0.0259035628362996,-0.0261828020445295,-1.8708512787549696,1.7067420406864555
G96V,G,96,V,0.3243245172559263,-7.180013610370224,-2.959973615738684,-12.052856,-3.438298749923706,-2.898231744766236,-1.79042387008667,-0.6863845171526504,-0.05638102,-0.0374045803583747,-0.0343367385022161,-1.64245813697172,1.5954206469599481
D97A,D,97,A,0.2883173618576946,-5.585043496290382,-1.369098782479422,-9.062775,-3.2474961280822754,-2.1159985065460205,-2.1412389278411865,-0.5585936837186636,-0.020643119,-0.0104529778688948,-0.0175323317908819,-0.538185468081147,2.3621605862757726
D97E,D,97,E,0.2883173618576946,-4.770539524828564,-2.1324202125580736,-6.4428406,-1.0034626483917235,-0.9344501495361328,-1.1645227670669556,-0.3488546628090659,-0.012462619,-0.0099832227424807,-0.0124028692182325,-1.0166585126563197,2.973870347240813
D97G,D,97,G,0.2883173618576946,-5.642711338243316,-3.2631121054678123,-8.237061,-2.808014965057373,-0.5284091830253601,-0.8261845707893372,-0.4849031950259934,-0.02623062,-0.0157978992588472,-0.0188543559699658,-1.40700817091153,2.6770574291433498
D97H,D,97,H,0.2883173618576946,-5.261736087868485,-2.040042897365512,-8.073669,-3.404450607299805,-2.159286499023437,-2.4890384674072266,-0.5204491343235453,-0.015167805,-0.0088347378156042,-0.0149333355968887,-0.158374817254512,2.550730643676351
D97N,D,97,N,0.2883173618576946,-6.269246653815117,-2.430891219879836,-9.975922,-1.7143890380859377,1.0184969902038574,0.4913282990455627,-0.3958376191838557,-0.012963015,-0.0108597441751173,-0.0178888586183257,-1.07468528059687,2.4212989340118485
D97V,D,97,V,0.2883173618576946,-7.674506523775562,-4.175388420218937,-11.772461,-4.662952661514282,-5.468162536621094,-3.7157461643218994,-0.6300022904011372,-0.02891517,-0.0262056060184706,-0.0260774389271177,-1.46070345043091,1.4818051808893318
D97Y,D,97,Y,0.2883173618576946,-7.476834664701528,-3.9538121244209794,-11.731842,-4.666424036026001,-4.575685024261475,-3.2264223098754883,-0.6380309898480886,-0.020672549,-0.0229012866157043,-0.023187195228425,-1.60856679523231,1.5608453495939263
V98A,V,98,A,0.2591904787291199,-6.992656288290164,-2.0891978082536453,-10.948608,-1.8812926769256595,0.1670977175235748,0.5200708508491516,-0.3538472692063923,-0.011988225,-0.0183711778249172,-0.0199472625260847,-1.30063153975783,2.1089610827612706
V98D,V,98,D,0.2591904787291199,-6.800745437518344,-2.0247198516668177,-10.876801,-3.703816986083985,-4.376040458679199,0.1423061341047287,-0.4674339214538116,-0.044721663,-0.0314934332639176,-0.0289678510451158,-1.62083300821398,1.7770845140250886
V98F,V,98,F,0.2591904787291199,-7.60743540553085,-3.405767922695012,-12.344147,-2.7034071922302245,-1.2589428424835205,0.3742448389530182,-0.3902920561385342,-0.020320717,-0.0217115389590232,-0.0235130697422995,-1.55835736439877,1.6113798522840588
V98G,V,98,G,0.2591904787291199,-6.975029847370024,-2.31205811313631,-11.217621,-3.4495198488235475,-0.5667781829833984,0.9836737513542176,-0.4598944816106136,-0.032381862,-0.0265465877440328,-0.0259739284220646,-1.53519086979314,1.9851507807657616
V98I,V,98,I,0.2591904787291199,-2.9083586317356094,0.5788493481113397,-3.9923096,-0.6046283721923829,-0.7608826756477356,-0.2144865840673446,-0.2522679559162415,-0.007587525,-0.002186419421737,-0.0070322133584264,0.0101432361725354,3.3992363735250017
V98L,V,98,L,0.2591904787291199,-6.489884973543667,-2.1581161721086617,-10.42392,-1.3865623474121094,-1.3605655431747437,0.299607515335083,-0.3085292805890531,-0.01394059,-0.0107391559525041,-0.0179553168762072,-1.00641929128564,2.1279322131731404
F99C,F,99,C,0.230293467592236,-7.700111133239261,-3.133500147798017,-12.481995,-4.8283548831939695,-6.14068078994751,-2.283874750137329,-0.4825301172269614,-0.026887627,-0.0243507705250586,-0.0257296867454815,-1.25679199495945,1.2541640312938644
F99I,F,99,I,0.230293467592236,-5.534284383526028,-0.985601513635979,-9.531891,-1.7552676439285275,-0.1559872776269912,-0.0635479539632797,-0.3691493351571738,-0.02442861,-0.0119361456393143,-0.0195246984890228,-1.3901770769126,2.433103572876756
F99L,F,99,L,0.230293467592236,-5.166412836941163,-0.2483828847574347,-7.9024963,-0.8041299819946289,3.5377650260925293,0.6553384065628052,-0.3650527397421381,-0.019778598,-0.0089063160203677,-0.0163141381135313,-0.8580801352790938,3.109020538281906
F99S,F,99,S,0.230293467592236,-6.951662841001962,-1.163285339455194,-11.149261,-2.086703634262085,-2.044532060623169,1.7307573556900024,-0.4329748240957071,-0.028354023,-0.0249386212683671,-0.0250170878227183,-1.31005608536411,1.8970487166123855
F99V,F,99,V,0.230293467592236,-6.7208070768319885,-1.85622838328414,-11.295685,-1.5680885553359984,-0.8270132541656494,0.4043480455875397,-0.4063550163597678,-0.026826832,-0.0243263834096474,-0.0253018680260933,-1.39168042846553,1.945900260611582
F99Y,F,99,Y,0.230293467592236,-7.477118853712454,-2.952253837305236,-11.819672,-0.9430805683135988,-1.4445767402648926,0.3514194190502167,-0.2750327392316791,-0.014310497,-0.0193089028331091,-0.022163829003475,-0.63746559691048,1.7580134316983076
V100A,V,100,A,0.3663579376515892,-5.377007128560308,-2.57620763230932,-8.162018,-2.175762844085693,-6.906460762023926,1.885075211524964,-0.3813358763133816,-0.0111986725,-0.0104601862151628,-0.0143255271658992,-0.5070491196092439,2.0044989036197767
V100D,V,100,D,0.3663579376515892,-7.587758767576815,-3.806867550014482,-12.161743,-4.19567461013794,-10.180777549743652,2.4451231956481934,-0.5068328666204437,-0.039007574,-0.0305592450611376,-0.0289919181638469,-1.30855947829923,0.9772742347891553
V100F,V,100,F,0.3663579376515892,-8.004093590032426,-4.363496203625883,-12.443726,-2.6644254684448243,-9.16547679901123,-0.454964280128479,-0.4259432112756187,-0.017723609,-0.022026954634037,-0.0233170465128311,-1.67785980837211,1.0210213604802068
V100G,V,100,G,0.3663579376515892,-7.153032118858391,-3.5562153986228324,-11.402435,-4.401531934738159,-9.280160903930664,3.506354570388794,-0.5075261064606771,-0.033985257,-0.0210469563802083,-0.0255414950137106,-1.05323986127651,1.2074241071518412
V100I,V,100,I,0.3663579376515892,-4.734999555024842,-1.4451004960821925,-8.15329,-0.9705389261245728,-1.8968526124954224,-0.6384372115135193,-0.2727444532243311,-0.009699079,-0.0064680760533078,-0.0130777085327417,-0.3670024908856529,2.5618707178895788
V100L,V,100,L,0.3663579376515892,-6.362452128858422,-2.1166560492570854,-10.016113,-1.6490629196166993,-5.111243724822998,0.1714156866073608,-0.3316206406166477,-0.016630013,-0.0122568496805153,-0.0182188930890417,-0.869983296151827,1.8887443617165212
I101K,I,101,K,0.3288034629601164,-6.640336321652285,-2.4154512848540786,-10.359711,-3.6410787105560303,-5.942126750946045,-1.13296639919281,-0.5226654945006786,-0.027830575,-0.0250177446580091,-0.0238439968353338,-1.39424839995545,1.7413437927589237
I101L,I,101,L,0.3288034629601164,-5.620797152461819,-2.782509857526738,-8.509094,-0.6342645168304444,-2.079071283340454,0.5611797571182251,-0.3111527949066831,-0.013969126,-0.0119621158961955,-0.0160121286152214,-0.2356374140813444,2.475592723694189
I101M,I,101,M,0.3288034629601164,-3.543288638657032,-2.8999681416246377,-5.34729,-1.185142946243286,-1.8831787109375,0.2550378143787384,-0.3762321054905472,-0.008111837,-0.0073597889072848,-0.0093013435010088,-0.2029428200834839,3.051315868967999
I101R,I,101,R,0.3288034629601164,-6.946833091802546,-3.186531606212915,-11.067505,-3.611363649368286,-4.927671432495117,-0.0489720478653907,-0.5301035116925449,-0.027698431,-0.0249648273122757,-0.0244023405163493,-1.34951552638156,1.6879227104575545
I101T,I,101,T,0.3288034629601164,-4.2297483293114055,0.5654098531038092,-6.55249,-0.0277454376220703,1.7555843591690063,1.0120710134506226,-0.4158684740645249,-0.010921287,-0.0038150341042356,-0.0115280993463714,-0.379989977245553,3.2276009708750104
I101V,I,101,V,0.3288034629601164,-5.970699895759026,-2.341429024364866,-9.987488,-0.1220004320144653,0.963227391242981,0.3855759799480438,-0.2813066905235629,-0.009393725,-0.0101279286096164,-0.0167986130872309,-0.141228495596913,2.4142247783210387
I101W,I,101,W,0.3288034629601164,-7.287778593847179,-3.8737766143560055,-11.537567,-3.150424289703369,-7.0835041999816895,-0.6395416259765625,-0.5667929229289572,-0.048539788,-0.0333197722108685,-0.0311732681644936,-1.07602302393826,1.398102912024168
R102G,R,102,G,0.4010527209158337,-5.871469345102014,-3.252091404390346,-9.273773,-3.973299503326416,-11.598630905151367,-1.518460988998413,-0.4674438774176386,-0.026373716,-0.0172885448464231,-0.0201215428232357,-1.4753695966066205,1.1706313317985562
R102I,R,102,I,0.4010527209158337,-7.461754353418655,-3.810755396392665,-12.849213,-4.900869655609131,-14.84160327911377,-2.4196937084198,-0.5777201778050866,-0.026191775,-0.0256302183037562,-0.0266573065953539,-1.19072794760361,8.163672272876004e-06
R102K,R,102,K,0.4010527209158337,-6.075211493167444,-2.713345820426612,-11.325317,-0.3754177093505859,-7.597801685333252,-0.9032139778137208,-0.3066307939089379,-0.01200569,-0.0109923238522696,-0.0189243847171202,-1.13729351846064,1.3931931504806554
R102S,R,102,S,0.4010527209158337,-6.707103994987847,-2.1071875159243554,-11.566467,-2.2007603883743285,-11.402775764465332,-0.8733885884284973,-0.4157301129901077,-0.018731583,-0.0226396303829504,-0.0230810573822088,-1.15889426274007,0.9267899948706366
R102T,R,102,T,0.4010527209158337,-6.613386563882159,-2.365047196877127,-11.32193,-2.6727555274963377,-12.325364112854004,-1.045930027961731,-0.4299332231968797,-0.02035189,-0.0157902193385244,-0.0215586647555791,-1.15779641430498,0.8215060841105265
E103A,E,103,A,0.418554601751875,-7.01004083567102,-3.462408946538289,-11.0173645,-4.552835512161255,-7.157444477081299,0.0286169257014989,-0.4732293334919705,-0.022998277,-0.0168407852812845,-0.0218273945991566,-0.8764131775431949,1.4957689119834756
E103D,E,103,D,0.418554601751875,-5.803539871747489,-2.546613816465315,-9.019653,-2.74556143283844,-6.619164943695068,2.140859603881836,-0.3314539732505047,-0.019718084,-0.0155256326098578,-0.0182163667994619,-1.1144111981140248,1.9057857425101503
E103G,E,103,G,0.418554601751875,-7.296319013104949,-3.549289184745973,-12.097595,-5.557500314712525,-9.048529624938965,-0.9314887523651124,-0.4784411697919282,-0.020997394,-0.0235375410673634,-0.0237868690069674,-1.56109410163164,1.102308781664121
E103K,E,103,K,0.418554601751875,-6.472414842995931,-3.003273885895296,-10.952057,-3.8173875331878655,-9.596190452575684,-1.7821013927459717,-0.3866082368593167,-0.016006086,-0.0131218849165287,-0.0197408141416166,-0.67550684884435,1.2462245281690014
E103Q,E,103,Q,0.418554601751875,-5.785241454832431,-2.4820758994004666,-8.518372,-3.5664969444274903,-4.670642375946045,-0.3784535825252533,-0.3550253529184981,-0.020104159,-0.014228433436379,-0.0177411717294857,-0.387145691170839,2.208387785717526
E103V,E,103,V,0.418554601751875,-7.068946008905186,-3.549289210041674,-11.287567,-5.66432204246521,-10.111870765686035,-1.786607027053833,-0.53802192680982,-0.035205215,-0.0217344439845474,-0.0256923481854908,-1.09719632401755,1.131722193925052
P104A,P,104,A,0.4296772727853883,-7.01781653001126,-2.7054161204675826,-11.909668,-3.8928199291229246,-6.554422378540039,-1.862754344940185,-0.4750907183150757,-0.025333349,-0.0178200761740308,-0.023672057566527,-0.992979083092251,1.362201289927725
P104H,P,104,H,0.4296772727853883,-8.491032778449153,-4.819771776883527,-13.909302,-5.372607326507568,-11.891488075256348,-3.896016836166382,-0.5381696999640362,-0.031248484,-0.027690323246499,-0.0292817677883122,-1.36859098955599,0.4647230123456448
P104L,P,104,L,0.4296772727853883,-7.187046197159361,-3.726615894750654,-12.783203,-5.406575441360474,-12.122461318969728,-4.207155704498291,-0.592722745026138,-0.042548805,-0.0247214950999413,-0.0292871235222216,-1.58281138756545,0.6556154571973798
P104R,P,104,R,0.4296772727853883,-7.748355501669721,-3.844195251079717,-13.171265,-5.086737298965455,-11.314231872558594,-5.084873676300049,-0.5212518134087337,-0.026329223,-0.0257182342327193,-0.0269212870145212,-1.7004453961714598,0.674113758360911
P104S,P,104,S,0.4296772727853883,-7.174276023541097,-2.427724911295272,-12.363556,-3.0682312488555907,-5.583776950836182,-1.585613250732422,-0.4594384970083238,-0.017651979,-0.0222396682166632,-0.0234363379067932,-0.9375750717945508,1.3252324040269197
P104T,P,104,T,0.4296772727853883,-6.714700771057323,-2.523058760086173,-11.909882,-4.4423784732818605,-7.88490629196167,-2.273892641067505,-0.4746976099397598,-0.023884807,-0.0170358822045736,-0.0229937319723975,-1.11102953483228,1.2480264208937581
F105C,F,105,C,0.278405173452852,-8.38037998812797,-3.926576866801604,-12.816956,-4.971297693252564,-11.957605361938477,-6.112829208374023,-0.4894402636481785,-0.057870273,-0.0372198580642936,-0.0356259882844836,-1.175959221614,0.669742502844243
F105I,F,105,I,0.278405173452852,-7.526711580903793,-2.835817720471795,-12.341644,-2.541933536529541,-9.249306678771973,-2.532752990722656,-0.3648519431403653,-0.019934956,-0.0220122011028904,-0.0240735355065621,-1.42412316046608,1.0344625665929472
F105L,F,105,L,0.278405173452852,-7.192708496397245,-2.468830926900905,-12.049347,-1.405388355255127,-9.280071258544922,-3.288835287094116,-0.3636095066786651,-0.015515241,-0.0202404300108651,-0.0226448682233461,-1.31789025630966,1.089377117144909
F105S,F,105,S,0.278405173452852,-7.0229887715722725,-1.423403119235938,-11.66922,-1.8973659992218013,-9.968892097473145,-0.9164913296699524,-0.4348612423800452,-0.023184393,-0.0233148233780008,-0.0242743923700934,-1.14576995670604,1.085981568668409
F105V,F,105,V,0.278405173452852,-7.187688566624274,-2.2008578608570946,-11.946411,-2.4811872005462647,-9.580755233764648,-2.052184581756592,-0.4073528913456158,-0.022622097,-0.023089410979753,-0.0243707282127397,-1.15872889167577,1.0786076225856482
F105Y,F,105,Y,0.278405173452852,-5.346616783470381,0.3467351421100253,-8.544098,-0.2782147169113159,-4.3179802894592285,-1.0179998874664309,-0.2659175045611635,-0.018085647,-0.006843179530129,-0.0162696417330643,-1.23916576724382,2.241801547961289
R204G,R,204,G,0.2591133582481063,-5.805877447273815,-2.1218467937822325,-8.382141,-1.0398717880249024,0.2194491624832153,-0.2280259579420089,-0.4343647336901985,-0.007846701,-0.0091453703823469,-0.0142991021768936,-0.236011828200998,2.715954867347673
R204K,R,204,K,0.2591133582481063,-1.606371139145267,-1.1733515261613474,-1.2525024,-0.6343337059020998,1.9055482149124143,0.0252925269305706,-0.2940870756477106,-0.00046678155,-0.0026492356727718,-0.0012017222692898,0.0466991804351716,4.147410135602385
R204M,R,204,M,0.2591133582481063,-6.8676685199316125,-3.215316842220289,-9.444214,-4.515701103210449,-3.951669931411743,-2.400993824005127,-0.4159274755081298,-0.02290124,-0.0226794110228684,-0.0217390249896523,-0.720335047403716,2.112310464571505
R204S,R,204,S,0.2591133582481063,-5.005059457573225,0.7598852408068222,-6.8526,0.6245928168296814,0.7385692596435547,1.88888418674469,-0.3857995590398069,-0.006044614,-0.0017418935072606,-0.0109524421607684,-0.1325537203886294,3.0702887213820746
R204T,R,204,T,0.2591133582481063,-5.946065729120164,-0.5999544236047747,-7.8601074,-1.136732578277588,-1.3696032762527466,1.67315673828125,-0.3807028844579486,-0.007992613,-0.0167027825025006,-0.015911329660984,-0.5045648065145211,2.669865678989661
R204W,R,204,W,0.2591133582481063,-8.887268381407011,-6.998480382544824,-9.962219,-5.7514900207519535,-7.945601940155029,-2.351127862930298,-0.5148918402792847,-0.035688225,-0.0278054883674807,-0.0265072113104476,-0.7814546422028621,1.5988213654292507
K205E,K,205,E,0.2231490107849723,-5.331249075132291,-1.0999199067266197,-7.68454,-1.6469532012939454,-0.5282378196716309,-0.6632457971572876,-0.2925945186649509,-0.012812513,-0.0116498665041218,-0.0156341956940707,-0.4970255139398449,2.7861713091440277
K205M,K,205,M,0.2231490107849723,-6.163509811505719,-3.784748978709191,-8.95694,-4.494931840896607,-3.412865400314331,-3.3349356651306152,-0.3967317169642896,-0.018047605,-0.0137486068355063,-0.0184731388723613,-0.1648550250298789,2.258832583067647
K205N,K,205,N,0.2231490107849723,-0.9593910096355104,-0.3054451387305148,-0.44717407,2.0070498466491697,2.102702617645264,1.6314128637313845,-0.3293130464720702,0.001784158,0.0003513226709092,-0.0009111315998809,0.0345027407682588,4.293242868887316
K205Q,K,205,Q,0.2231490107849723,-4.726732187651578,-0.8869677041263748,-7.2820435,-1.860268878936768,-1.0427837371826172,-1.1843438148498535,-0.3052167862931495,-0.010908651,-0.0057363952232513,-0.0127092744604115,-0.133356600825218,2.811098026714925
K205R,K,205,R,0.2231490107849723,-4.125102559804873,-1.7117374081744674,-6.406769,-1.6850111961364749,-1.8083754777908323,-1.322442889213562,-0.280214996903265,-0.0069610802,-0.0054085838873655,-0.0110081047411785,-0.0248510274325977,2.8850625319584653
K205T,K,205,T,0.2231490107849723,-5.438200981594491,-1.1884836224771482,-8.017334,-1.988884401321411,-2.081541061401367,-2.5155673027038574,-0.3533250042344034,-0.010069701,-0.0180492611647178,-0.0165463714936447,-0.707932997582755,2.5691024698978815
K206D,K,206,D,0.2548069130761977,-2.1367059828189667,-0.220949552516471,-2.3043518,2.081589198112488,4.150309085845947,0.7563325762748718,-0.3193749852422517,-0.0031434027,-0.0017730173948847,-0.0042593242316845,-0.31859458598259,4.242763779893183
K206H,K,206,H,0.2548069130761977,-5.851280816918006,-3.381222314972663,-7.8563538,0.0135133743286132,1.5554234981536863,0.5807412266731262,-0.371384608413322,-0.005182001,-0.014404296875,-0.0139565709937223,-0.1572852539411959,2.946266293292476
K206I,K,206,I,0.2548069130761977,-4.748485709256784,-1.6065953192874811,-7.325531,-3.1711559295654297,-2.70408034324646,-1.3095359802246094,-0.444086750246901,-0.017507883,-0.0193455171900869,-0.0164018172038838,-0.590475372686389,2.6288979704340147
K206N,K,206,N,0.2548069130761977,0.178753322463308,1.4243785224245398,0.66885376,3.164542531967163,3.8074772357940674,0.8107074499130249,-0.2993578669632787,0.002728519,0.0034219097617446,0.0021414683091456,0.0200617755871385,4.674929680100303
K206S,K,206,S,0.2548069130761977,-4.32036664607017,-0.9566054254631317,-6.747406,0.195542311668396,2.324665307998657,1.4780291318893433,-0.3047893815185403,-0.0045425026,-0.0141479626922944,-0.0123276026306825,0.0445321747171604,3.2438286501510585
K206T,K,206,T,0.2548069130761977,-4.390043802448417,-0.6581752042523619,-6.815918,-0.7702140808105469,0.3049748241901397,1.5217114686965942,-0.3425618464955832,-0.0070869653,-0.0151680447407905,-0.0128632265474095,-0.1970032240349579,3.034172628430008
K206Y,K,206,Y,0.2548069130761977,-5.467745813082729,-2.983928189171687,-7.7679443,-2.303920555114746,1.2919505834579468,0.7812739610671997,-0.4096287373655762,-0.015916232,-0.0187075111776524,-0.0165789943130863,-0.424575699809979,2.940833784382575
I207K,I,207,K,0.4082688368824942,-8.250015204637748,-3.7781616332894616,-12.490021,-7.337730360031128,-10.21462345123291,-0.1741187870502472,-0.4977507614511167,-0.029480252,-0.0270345658392832,-0.0273898800477286,-0.5434760276154579,0.913046069345943
I207L,I,207,L,0.4082688368824942,-7.7070468931451614,-2.8852143222599658,-12.098145,-2.809897232055664,-2.288414478302002,0.2447642534971237,-0.2879830473707233,-0.013913828,-0.0207940916351924,-0.0226281273443967,-0.3980045727828405,1.622493085163574
I207M,I,207,M,0.4082688368824942,-8.419583623774088,-4.028755669827915,-13.1936035,-4.0848781108856205,-5.644406318664551,-0.5733493566513062,-0.3499026937578843,-0.014501008,-0.0210295081401766,-0.0239267917658319,-0.333809875861881,1.0813814489512268
I207R,I,207,R,0.4082688368824942,-6.765696707642292,-3.77816163177402,-10.779846,-7.827034997940063,-10.4295654296875,0.6848776340484619,-0.5098703323160186,-0.029553656,-0.0204784738570122,-0.0235346274133813,-0.562777044434228,1.1677290080582208
I207T,I,207,T,0.4082688368824942,-7.079024853370356,-1.8017344512703064,-10.669189,-4.720744609832764,-6.345051765441895,0.0179859399795532,-0.3904414649735009,-0.016649548,-0.0134761380833505,-0.0199291069249706,-0.251130843348437,1.6421986565149684
I207V,I,207,V,0.4082688368824942,-6.851914518353624,-2.7181760721977986,-10.795685,-2.129561185836792,-3.387234687805176,0.0550741218030452,-0.2602734398555792,-0.00875448,-0.0097748206940707,-0.017847663256243,-0.110314537632661,1.8778793837372156
L208F,L,208,F,0.4494127238329892,-6.503873438115988,-4.129621349529797,-9.228699,-3.859211647510529,-4.178745746612549,-1.4818557500839231,-0.3504122577838902,-0.014217663,-0.0125070870843681,-0.0178009268990152,-0.8406461505910345,2.1311989980533412
L208M,L,208,M,0.4494127238329892,-5.402849468030581,-3.4380997916138654,-7.6022034,-3.945732975006104,-5.974798202514648,-2.966459512710572,-0.2969230426875138,-0.009665447,-0.0101458821075641,-0.0133474152082901,-0.132834654041836,2.205418285127375
L208S,L,208,S,0.4494127238329892,-7.178031262083096,-3.3691786460018167,-11.421814,-6.290884685516358,-11.53294277191162,-6.11104154586792,-0.4025215197344307,-0.029785994,-0.0271629013499413,-0.0260179532284768,-0.8793030109191621,0.928707595914828
L208V,L,208,V,0.4494127238329892,-7.068752990315261,-2.858621435693537,-10.978943,-4.564108991622925,-9.268556594848633,-4.878841876983643,-0.3043385455452678,-0.0146125285,-0.0210800676156354,-0.0215303871542149,-0.902025347920931,1.2801521914316405
L208W,L,208,W,0.4494127238329892,-9.141809008671771,-6.032739125805493,-12.871765,-7.5347129821777346,-10.929366111755373,-4.451859951019287,-0.4449420752631803,-0.035915736,-0.029620172698503,-0.0298218379746998,-0.9383732436229258,0.7696226715439586
R209G,R,209,G,0.4125672279841396,-8.270246177020454,-4.57067558667953,-12.302673,-6.974192237854004,-9.695276260375977,-1.8117661476135247,-0.446955644913602,-0.030499224,-0.019941923634106,-0.0264402477946502,-0.860795511588231,0.9999448126164527
R209I,R,209,I,0.4125672279841396,-7.803200098358502,-4.348997210165876,-12.5685425,-6.905214500427246,-11.63677215576172,-1.357953667640686,-0.5103928880420473,-0.025216851,-0.0178244213921081,-0.0247450232768953,-0.83528261082055,0.7472989465846539
R209K,R,209,K,0.4125672279841396,-7.087803217762485,-2.9165301340853347,-11.92392,-3.4333117485046385,-10.03679656982422,-1.2996817827224731,-0.3109817833815329,-0.013902384,-0.0123728568980236,-0.0204514088746464,-0.9096862698652248,1.0347410067108462
R209S,R,209,S,0.4125672279841396,-7.444554557589072,-2.350057043326676,-12.160065,-5.880924892425537,-10.854674339294434,-0.8426457643508911,-0.4053845968794138,-0.023346964,-0.0245737913691708,-0.0250688599171753,-0.8303962046484805,0.90414531787509
R209T,R,209,T,0.4125672279841396,-6.756977450403156,-2.464494926932693,-11.029175,-6.107123970985413,-10.926141738891602,-0.8854925632476807,-0.411726529541111,-0.023889963,-0.0158405093430946,-0.0219796288092404,-0.8249299971287478,1.0660877596336968
T210A,T,210,A,0.4002028510084691,-8.087056518553709,-2.762495802431288,-12.687164,-5.055711698532105,-5.841508865356445,-0.0102903991937637,-0.4034179578909057,-0.016868163,-0.0219919571023903,-0.0241385116745567,-0.0727064414321519,1.219772196456485
T210I,T,210,I,0.4002028510084691,-8.377382147660683,-3.1480786710798827,-13.077759,-5.000554800033569,-6.837467193603516,-0.7673500776290894,-0.4332757237970538,-0.018622179,-0.0226951077021247,-0.025161002119119,-0.968988552948592,1.0428687293250158
T210K,T,210,K,0.4002028510084691,-8.162018465194706,-2.685534023205675,-12.243195,-8.076860618591308,-9.702316284179688,-3.914602518081665,-0.4527962084255466,-0.030851351,-0.0275976252608478,-0.0276378437909595,-0.8436600713877159,1.0107221770807842
T210P,T,210,P,0.4002028510084691,-7.187934031264376,-2.2924389028319485,-11.397491,-7.534788608551025,-10.33423137664795,0.5900201201438904,-0.4443202919172785,-0.02522159,-0.0178419706837231,-0.0237765280616204,-0.79601336926378,1.0877679452596176
T210R,T,210,R,0.4002028510084691,-8.243930980799632,-3.416159100833225,-13.157257,-8.57201042175293,-11.556686401367188,-4.182984352111816,-0.4585160956085184,-0.03469397,-0.029138089278939,-0.0295558028400075,-0.833028194720885,0.6531937345245067
T210S,T,210,S,0.4002028510084691,-7.443003327500264,-3.148078667982902,-12.460205,-3.949546754360199,-4.919672966003418,-0.0853785276412963,-0.351882195178209,-0.013600114,-0.0131828863889176,-0.0214063294939121,-0.352455817781149,1.3453444651058584
T210W,T,210,W,0.4002028510084691,-10.11168182572692,-5.94079544008397,-14.615051,-10.816341590881349,-12.602014541625977,-2.5207879543304443,-0.5278792060579792,-0.0665997,-0.0419284913187258,-0.0406385847011676,-0.8959941118926941,0.21172992555172618
Q211E,Q,211,E,0.4010046171537136,-7.582168873581395,-2.877516748116924,-11.295959,-4.847424507141113,-5.470572471618652,-0.7496327757835388,-0.3161367550390866,-0.018096287,-0.0224707395035699,-0.0231724080134175,-0.85830352571916,1.5911365899340026
Q211H,Q,211,H,0.4010046171537136,-7.479800797613279,-4.174440051914283,-12.014404,-5.472569656372071,-6.930565357208252,-1.1148529052734375,-0.4064483100263843,-0.014464336,-0.0135157839878242,-0.0208855264760537,-0.7164651622475501,1.3072580372861153
Q211K,Q,211,K,0.4010046171537136,-7.385130409391422,-3.024074899579572,-11.420563,-6.199334907531738,-8.675043106079102,-2.0527265071868896,-0.3567719048344538,-0.015243786,-0.0213272397881312,-0.0224908656105563,-0.93294705427448,1.2680982548843813
Q211L,Q,211,L,0.4010046171537136,-6.780955219604948,-2.2308803521274303,-11.072815,-5.802531623840332,-4.996938705444336,-0.5769874453544617,-0.4977024059462326,-0.0151683865,-0.0212969916808947,-0.0220405965977683,-0.762626865625355,1.680844177278417
Q211P,Q,211,P,0.4010046171537136,-5.859121346792563,-3.570114373869697,-9.025452,-7.927397441864014,-8.02427864074707,0.8203648924827576,-0.4392351618350587,-0.021873627,-0.0150341513930567,-0.0189445781918287,-0.913556351971162,1.7344660039060165
Q211R,Q,211,R,0.4010046171537136,-7.341566916907141,-4.174440008890797,-11.933258,-6.058503675460815,-11.05628490447998,-1.8159819841384888,-0.361819998365862,-0.014763924,-0.0136359343202435,-0.0210330281036579,-0.8275533925598331,0.916976111099915
E212A,E,212,A,0.428245854873127,-7.239002694275769,-2.732419894574855,-11.264496,-6.867115211486817,-8.43818473815918,-0.0249426811933517,-0.4422296310807955,-0.016041134,-0.0141537900002587,-0.0204899263697744,-0.6404773665956,1.3210441212129955
E212D,E,212,D,0.428245854873127,-6.57072308304123,-3.3200432657022683,-9.302185,-4.559477949142456,-6.369297504425049,0.4971360266208648,-0.3328390644408139,-0.01588479,-0.0140911043348165,-0.0180246551042098,-0.6838459247166074,1.8873227329392877
E212G,E,212,G,0.428245854873127,-7.555568439827766,-4.080780616694481,-11.304932,-7.627834987640381,-8.873069763183594,-0.8172287940979004,-0.4984234531519637,-0.021916185,-0.016508999249793,-0.022681078373991,-0.7630521577857421,1.2682456039327834
E212K,E,212,K,0.428245854873127,-6.1500887461807,-2.417305971583758,-9.36441,-7.763978576660156,-10.042174339294434,-1.3019850254058838,-0.3764540087825471,-0.014252546,-0.0125209648351269,-0.0176036910505484,-1.01405020322539,1.4125517312537503
E212Q,E,212,Q,0.428245854873127,-7.4979518950895,-3.3200432702103115,-12.039642,-5.598560619354248,-7.442015647888184,-0.0611093342304229,-0.3399733127774297,-0.017377201,-0.0221883340124,-0.023529372731055,-0.617067106975212,1.2587162563940797
E212V,E,212,V,0.428245854873127,-7.725191988336519,-3.725025961591762,-12.482391,-7.9046149253845215,-9.34979248046875,-0.7300864458084106,-0.5089517377436216,-0.020813648,-0.0235660039299634,-0.0247492000756673,-0.7538402184371871,0.9963080109654746
S213A,S,213,A,0.4354060888317284,-7.549391091764846,-2.887972857713723,-12.17157,-5.904493904113769,-2.547060489654541,-1.0855047702789309,-0.4826880976667139,-0.017274354,-0.0221624648071019,-0.0232662512503448,-0.805171866759139,1.5843639260034479
S213C,S,213,C,0.4354060888317284,-9.195320832339348,-5.356668324371606,-13.33252,-6.742468357086182,-9.19714069366455,-4.97773551940918,-0.6525232173343604,-0.024949882,-0.0252394181476786,-0.0273814422405318,-0.948183995470795,0.8115263228529862
S213F,S,213,F,0.4354060888317284,-8.328401067381492,-4.453077679611844,-13.127655,-8.79390926361084,-10.61693286895752,-2.08198881149292,-0.7393973375789812,-0.021857489,-0.0239999867959264,-0.0257066638264434,-0.8478723568784692,0.7470925735858983
S213P,S,213,P,0.4354060888317284,-7.372581486099079,-3.426690482475537,-11.399048,-8.81095266342163,-10.169580459594728,-5.364367485046387,-0.5897945376123364,-0.016838033,-0.0144887423146903,-0.0208831854477097,-0.772311828653991,1.1072098722891515
S213T,S,213,T,0.4354060888317284,-7.541765517160456,-2.8879728584664925,-12.014008,-4.445129632949829,-4.787037372589111,-0.2047193795442581,-0.475841092818593,-0.016269777,-0.0217598752996516,-0.0230316263160958,-0.6894484165403679,1.4738600564771407
S213Y,S,213,Y,0.4354060888317284,-7.590476327486613,-3.2932727502953627,-12.118591,-8.993173694610595,-10.635766983032228,-1.7978273630142212,-0.720271598068434,-0.025107477,-0.0253027774903421,-0.0254169489374223,-0.8251407298283691,0.9356868007750491
A255E,A,255,E,0.3030288383367173,-7.309470765671904,-1.148606022848004,-11.058655,-3.886145496368408,-2.49650239944458,-0.253400444984436,-0.490727637798155,-0.022629935,-0.0150928623628932,-0.0228427440651731,-0.7342914664266209,1.885733477961002
A255G,A,255,G,0.3030288383367173,-5.989130010540066,0.8571495463781948,-9.202301,-2.201679563522339,-3.781116724014282,-3.502126455307007,-0.4497650978153824,-0.012635755,-0.0039361612686258,-0.0160277916106167,-0.611379175056766,2.175635634684697
A255P,A,255,P,0.3030288383367173,-8.923471073815563,-3.968000474816594,-13.098267,-4.379614639282226,-6.235839366912842,-4.167641639709473,-0.4551569779006376,-0.022854228,-0.0226817015254208,-0.0262359046514987,-0.8278732512524789,1.075184269588048
A255S,A,255,S,0.3030288383367173,-7.418710785826079,-1.6304579663820569,-11.788666,-2.380541753768921,-0.0202434994280338,-0.2612728178501129,-0.3830240544381526,-0.012119713,-0.0183783861711852,-0.0217506459217197,-0.08281325182444,1.858448464942239
A255T,A,255,T,0.3030288383367173,-6.870592141985071,-0.3309724356408527,-10.537048,-2.77413935661316,-0.3673045337200165,0.5986730456352234,-0.4360300501456462,-0.01341607,-0.0104834280792977,-0.0189580348943242,-0.488431737846854,2.1767659629351406
A255V,A,255,V,0.3030288383367173,-7.300561139327328,-2.371852123143645,-11.754669,-3.152273416519165,-2.229153871536255,0.1559963524341583,-0.4538604459566963,-0.0126398085,-0.0110880870692777,-0.0204352574632657,-0.5927713948596689,1.7237757524678499
P256A,P,256,A,0.2866290411699823,-7.80481695974413,-2.4538298070103144,-11.42395,-2.6650996446609496,-2.1119091510772705,-2.79933762550354,-0.426140464110145,-0.014266032,-0.0192387730343716,-0.0220824151112807,-0.316657731270815,1.8210746020648614
P256H,P,256,H,0.2866290411699823,-7.866379610648437,-2.93859977927723,-11.87265,-4.2379601955413815,-3.991923570632935,-3.8193087577819824,-0.4954693127050143,-0.028045718,-0.0247628925651904,-0.0263016892321588,-0.395881982198826,1.5683220398625088
P256L,P,256,L,0.2866290411699823,-7.083985073824806,-1.46360715091375,-10.781342,-3.478030872344971,-2.778191328048706,-2.643324851989746,-0.5234770586761629,-0.023180816,-0.0153136937560361,-0.0220478049440362,-0.6046340439785309,1.9305377673315078
P256R,P,256,R,0.2866290411699823,-6.138988424707804,-1.182313985369636,-8.843536,-3.63219313621521,-2.865294933319092,-3.04500150680542,-0.4717314130054048,-0.017255772,-0.0082663900278525,-0.0171138603429394,-0.452730757087146,2.3343404124817977
P256S,P,256,S,0.2866290411699823,-6.06957010649603,0.3054411710371441,-9.551514,-2.2499377489089967,-1.59089195728302,-0.8463331460952759,-0.3978283244782589,-0.013633731,-0.0046718504781491,-0.0157071044113462,-0.210473237992981,2.306938382321424
P256T,P,256,T,0.2866290411699823,-5.6648281615634914,-1.0298726104520286,-8.106995,-2.8646827936172485,-1.030333399772644,-0.0137920603156089,-0.3909149320081198,-0.019603405,-0.0102970889598855,-0.0168256107018746,-0.153180020703816,2.6553169871786046
N257D,N,257,D,0.2489102855110857,-7.375805625422799,-1.733449236383917,-11.306824,-1.808494818210601,-2.111792087554932,-1.0813676118850708,-0.3217294014324268,-0.012501928,-0.0185104942742825,-0.0212604783755001,-0.0126156387170197,1.851678567451797
N257H,N,257,H,0.2489102855110857,-7.244216303817666,-0.9681005763173208,-10.655518,-3.7371057987213137,-2.561568260192871,-1.9602307081222528,-0.366749248546461,-0.018610734,-0.0209594457091611,-0.0221945486847665,-0.110005988424962,1.9774608658501094
N257I,N,257,I,0.2489102855110857,-6.517001225787681,-1.9774746996506,-10.323517,-4.487335348129273,-5.958232879638672,-4.063677310943604,-0.5264095428939062,-0.02312157,-0.0124540686870516,-0.0205986578732926,-0.49287575872777,1.7467176404043163
N257K,N,257,K,0.2489102855110857,-6.330838916912853,-1.8387478107455288,-8.7699585,-3.867362451553345,-1.2715771198272705,-1.1822707653045654,-0.3916995273724643,-0.016468454,-0.0126016713662389,-0.016900574134675,-0.4169659827671045,2.4999051967908827
N257S,N,257,S,0.2489102855110857,-7.102156214350544,-1.2327974103203752,-10.926514,-1.8586504459381104,-2.0131759643554688,-2.064920425415039,-0.3377422561312816,-0.011757943,-0.0107132867472061,-0.0188727305161769,-0.296556850357024,1.9552416964292882
N257T,N,257,T,0.2489102855110857,-6.971974222971767,-0.6891476492153463,-10.493042,-3.139237260818481,-3.5834784507751465,-3.0992705821990967,-0.3868718117833642,-0.015088203,-0.0101097056407802,-0.0187030817499223,-0.280258375640301,1.9294560986387161
N257Y,N,257,Y,0.2489102855110857,-7.965828450505796,-3.116028094755269,-12.18338,-4.011844301223755,-3.0856916904449463,-1.923304438591004,-0.481113093376539,-0.02630243,-0.0240428663510623,-0.02605631914623,-0.207356937402172,1.5458886348046614
S258A,S,258,A,0.2245955438701934,-4.291587330490074,0.3313302836734816,-6.5162964,-0.2637241840362548,-0.1297565251588821,-0.1323898881673813,-0.4014823812634508,-0.004519853,-0.012141347720923,-0.0109668420113738,-0.004540256335059,3.04535442549983
S258C,S,258,C,0.2245955438701934,-4.849501792992669,-2.4036228300526234,-4.1758423,-3.5228225231170653,-4.434946537017822,-3.4217634201049805,-0.4667158766053504,-0.014292094,-0.0085598438254518,-0.010052712547858,-0.7055535762907759,2.897564608847984
S258F,S,258,F,0.2245955438701934,-0.6951838478635182,-0.4987580751774551,0.95788574,0.8307274341583252,0.4972182512283325,-0.1662796586751938,-0.5627663077989703,0.0094058635,0.0042812524252379,0.0044528885392953,-0.0771741782357909,4.2789933986507664
S258P,S,258,P,0.2245955438701934,-4.5439773956914,-0.1541104368351141,-5.7523804,-3.2923354148864745,-5.923142433166504,-4.923102378845215,-0.500349254957256,-0.013299289,-0.0156608059443122,-0.0135056114617825,-0.832487769192542,2.477007084307896
S258T,S,258,T,0.2245955438701934,-4.202878005194179,-0.4987580465015528,-5.963043,-0.7217167377471924,-0.8983457088470459,0.7691246271133423,-0.3804000262610273,-0.004972744,-0.0123228700482029,-0.0114089763717145,-0.388372046266744,3.061218658943347
S258Y,S,258,Y,0.2245955438701934,0.0258096490215393,1.0830708710106185,1.4041138,3.2168626308441164,1.9637205600738523,0.3635203838348388,-0.54275655264289,0.011669693,0.0075715593418012,0.0054734253199158,-0.0711913060852839,4.541530980282383
H259D,H,259,D,0.4050729707690736,-7.087882029016328,-3.251147430422568,-10.565765,-6.921149969100952,-9.056319236755373,0.7286019921302795,-0.5262809040982697,-0.02679189,-0.0258900556080126,-0.024128844406431,-0.902824864155536,1.3716234908332003
H259L,H,259,L,0.4050729707690736,-7.797205993287207,-4.852255916913064,-11.656464,-5.704890680313111,-9.362838745117188,-1.7687296867370603,-0.6418559366020624,-0.023179505,-0.0244418853692398,-0.0243635535503328,-0.884736013848304,1.1538231601559532
H259N,H,259,N,0.4050729707690736,-5.873863961598545,-3.0689629775383667,-9.045258,-5.809506464004516,-6.184756278991699,0.9801182746887208,-0.4198431547185514,-0.017083783,-0.0121298615242998,-0.0180220782888382,-0.623416955533842,1.9512049974059809
H259P,H,259,P,0.4050729707690736,-6.8082291646005615,-3.126084779262777,-10.82489,-6.912860155105591,-10.601614952087402,-1.59250807762146,-0.590096354358043,-0.032646164,-0.0282369449438638,-0.0260456750461334,-0.8693151487773649,1.1384301783790414
H259Q,H,259,Q,0.4050729707690736,-6.167540872385871,-3.3940933180745123,-9.679749,-4.311180937290192,-6.99918270111084,-0.9594097137451172,-0.4860543732781985,-0.023764987,-0.0162618944450193,-0.0210708213957729,-0.7106362987228335,1.7532843277737997
H259R,H,259,R,0.4050729707690736,-6.65675045637181,-3.3200712319570465,-10.252838,-5.140380811691284,-6.298402309417725,0.6732197403907776,-0.4753607920495505,-0.019602347,-0.0155089590986307,-0.0200495435702089,-1.01695628004212,1.726180226088935
H259W,H,259,W,0.4050729707690736,-8.70602213480015,-5.91689677613337,-12.048218,-8.169384765625,-10.965234756469728,-2.140012264251709,-0.6217703771135225,-0.033708334,-0.0286626415800048,-0.0280128967419891,-0.8106066808639641,0.9096621578354642
H259Y,H,259,Y,0.4050729707690736,-2.9575024677542388,-2.6452874601736083,-3.3778076,-4.171852827072144,-8.379084587097168,-1.011951923370361,-0.3916596752905864,-0.010567891,-0.0093716922448434,-0.0083654037374534,-0.308594181820077,2.3669635772668376
Y260C,Y,260,C,0.1989903857115109,-8.720563921277062,-3.905322990297568,-12.086792,-6.482886791229248,-3.6224677562713614,-3.2282872200012207,-0.4094542191307574,-0.060785625,-0.0303676512593991,-0.0348984337274075,-0.773939792218679,1.5369852876749486
Y260D,Y,260,D,0.1989903857115109,-8.149185149108234,-2.668673539011481,-12.77301,-6.426266765594482,-4.939259052276611,-5.064752578735352,-0.6028893578860125,-0.034164283,-0.0271945641793426,-0.0290178715787975,-0.76217691070639,1.2541658565358567
Y260F,Y,260,F,0.1989903857115109,-6.889136411031359,-1.090784089572206,-10.105743,-1.5359277248382568,1.523483157157898,2.0947580337524414,-0.2969916008726334,-0.014052081,-0.010180980690794,-0.0182688462550013,0.0945835277883311,2.4267754239199593
Y260H,Y,260,H,0.1989903857115109,-8.101340374072606,-2.2182025116213366,-12.344391,-3.359848976135254,-2.543336868286133,-2.128225564956665,-0.3579087007654984,-0.015164408,-0.0195779021475752,-0.0233678080914562,-0.762158379645457,1.5332273798912015
Y260N,Y,260,N,0.1989903857115109,-7.935923722026928,-2.051478209702778,-11.801544,-5.228372383117676,-2.8734359741210938,-3.131511688232422,-0.5247974759009455,-0.02240989,-0.0224823604356374,-0.0252100963466214,-0.866970559296083,1.6665334052497656
Y260S,Y,260,S,0.1989903857115109,-7.296965670342615,-0.9035918619147691,-11.165009,-4.725032043457031,-3.2269275188446045,-3.045560359954834,-0.5080987749632149,-0.02654976,-0.024141997954177,-0.0252423991693829,-0.75453854510162,1.8034675994194813
E261A,E,261,A,0.4141876958881274,-8.277006589603843,-3.554574388588897,-12.967255,-7.579077816009521,-8.15641975402832,-0.951047420501709,-0.58009103883295,-0.021932174,-0.0240144034884623,-0.0259221058018159,-0.8872853085691892,0.9818534947032528
E261D,E,261,D,0.4141876958881274,-8.074555595681886,-3.244784853775444,-12.803314,-4.711039447784424,-6.75095272064209,0.8347676992416382,-0.4358338823780903,-0.016742904,-0.0219340882290804,-0.0242091298892797,-0.671313813103467,1.1254671861171481
E261G,E,261,G,0.4141876958881274,-7.221694057057903,-3.554574390761051,-11.494141,-6.732680320739746,-8.545284271240234,-1.1854193210601809,-0.5814198039811401,-0.022084657,-0.0156607722604512,-0.0226804889064224,-0.857226780780076,1.2676734136330083
E261K,E,261,K,0.4141876958881274,-7.762687663480392,-2.817543002953523,-12.330505,-7.007069683074951,-9.476330757141112,-2.5376124382019043,-0.5048952612989112,-0.014704603,-0.0211168840757795,-0.023169578569088,-0.8071173611811121,1.0154677836303285
E261Q,E,261,Q,0.4141876958881274,-8.049659361294744,-3.062581694185978,-12.451263,-4.711596870422364,-8.058784484863281,-1.0269993543624878,-0.4517228852616615,-0.019276876,-0.0229497913756381,-0.024562288330617,-0.83137148748878,1.1144004048396938
E261V,E,261,V,0.4141876958881274,-8.366264083058923,-3.872326442596512,-13.058594,-8.23243761062622,-10.469449043273926,-1.773842692375183,-0.6682556969449145,-0.025567237,-0.0254715673181394,-0.0272972157459385,-0.602078834276138,0.774847578917063
E262A,E,262,A,0.4347769335484949,-7.276514466075241,-3.305984187959025,-11.755554,-6.405721378326416,-7.961939811706543,-5.641749382019043,-0.5028794612105628,-0.020568047,-0.0159569207669357,-0.0227031076191276,-0.882939222376215,1.2729260094506083
E262D,E,262,D,0.4347769335484949,-7.444119160657465,-3.5468721728947203,-12.108673,-6.090226411819458,-8.067853927612305,-2.5563950538635254,-0.3762260197727179,-0.01417509,-0.0133940505139349,-0.0213709109140021,-0.732433021848121,1.1895897646085964
E262G,E,262,G,0.4347769335484949,-7.141134622961545,-4.151352534365654,-10.942993,-7.370509624481201,-9.914843559265137,-5.492441654205322,-0.5659182099409439,-0.019158427,-0.015391739262124,-0.0210316807492152,-1.12804444084273,1.2091705792903513
E262K,E,262,K,0.4347769335484949,-7.354610191650863,-3.380023380635123,-11.490387,-7.80413064956665,-9.588996887207031,-6.555291652679443,-0.3957602039471721,-0.014698836,-0.0136039683360927,-0.0206282323033077,-0.911906381393217,1.1584893012049038
E262Q,E,262,Q,0.4347769335484949,-7.292870148750808,-2.6871773519385367,-11.834747,-5.319546890258789,-8.09233283996582,-3.9947803020477295,-0.3799369985329754,-0.020092819,-0.023265274418374,-0.023994883690975,-0.65143508886695,1.2447276130588798
E262V,E,262,V,0.4347769335484949,-9.041911036172678,-5.237510702330876,-13.477997,-8.654230499267578,-9.69051456451416,-6.958717346191406,-0.596887503665554,-0.023583535,-0.0246647377940466,-0.0270363174000586,-1.12289273337749,0.7379249214327166
C263F,C,263,F,0.399671337535961,-7.922081837736187,-4.509860908552651,-12.873352,-11.871569061279295,-10.811692237854004,-3.7079904079437256,-1.3518329939763107,-0.049838576,-0.0267669138792598,-0.0328892587825951,-0.987136220095268,0.7808028369512499
C263G,C,263,G,0.399671337535961,-7.845409742949414,-2.9052705795063183,-12.721802,-10.369540882110597,-10.863299369812012,-3.7682738304138175,-1.4492291423633916,-0.062053174,-0.0400782705142798,-0.0376011425296202,-0.881521069203133,0.8045402358204493
C263R,C,263,R,0.399671337535961,-7.711091786775796,-3.128305705705281,-12.078491,-11.99717140197754,-14.0099515914917,-9.105626106262209,-1.498805600409278,-0.052206635,-0.0277162935033802,-0.0321500496095905,-1.1113134773574098,0.41908775680568067
C263S,C,263,S,0.399671337535961,-6.71583951267894,-2.642957674492494,-11.713715,-9.386840057373046,-9.388317108154297,-4.94415807723999,-1.2585525584253,-0.04431328,-0.0240156161074606,-0.0295698658520022,-0.8407821461622726,1.1408711675175993
C263W,C,263,W,0.399671337535961,-9.275627966813772,-5.19280491801474,-14.286316,-12.353977394104003,-13.116260528564451,-5.411563396453857,-1.3914786792761384,-0.058446173,-0.0386322897264762,-0.0384272897480339,-0.8637854054324978,0.2779967238604521
C263Y,C,263,Y,0.399671337535961,-9.801951873219878,-5.86034563848752,-14.880646,-11.398310089111328,-13.338716506958008,-6.7870049476623535,-1.3591401861174746,-0.050969843,-0.0356352681882071,-0.0363869403898057,-0.951120764157736,5.875799669779077e-06
S264A,S,264,A,0.4141958051232555,-7.662856328257476,-2.990374611192027,-12.338593,-3.511861562728882,-5.732789993286133,-1.1528747081756592,-0.3685220925478488,-0.016721118,-0.0217594710933188,-0.0236301716852924,-0.919535536320458,1.3210259842733834
S264C,S,264,C,0.4141958051232555,-10.72211493157829,-8.378485735936511,-13.925751,-8.023392009735108,-9.669343948364258,-5.518550395965576,-0.5524223404525725,-0.020093624,-0.0231114402248896,-0.027256087751578,-1.10901128690529,0.6101071508955955
S264F,S,264,F,0.4141958051232555,-7.065175810024812,-3.2415670477861984,-11.853363,-7.648366260528564,-11.571834564208984,-3.232295751571656,-0.5488892676987982,-0.021884684,-0.0144978369571778,-0.0225686416457557,-0.866325618435543,0.8637204211310877
S264P,S,264,P,0.4141958051232555,-7.428031075203762,-2.88503919465498,-11.728485,-9.338948440551755,-9.504142761230469,-1.732151746749878,-0.5531327753844344,-0.02206168,-0.0164015140491343,-0.0225985192305204,-0.758020803343548,1.126055232948997
S264T,S,264,T,0.4141958051232555,-6.416470585587376,-1.4939506507507487,-10.335327,-3.92992479801178,-5.66250467300415,-1.8211164474487305,-0.3628226088990984,-0.016059864,-0.0092852594573503,-0.0185532727778352,-0.8462613168421871,1.7732516044641267
S264Y,S,264,Y,0.4141958051232555,-8.74409741837735,-4.49024816517966,-13.54657,-7.8943737030029295,-11.79981517791748,-3.285352230072021,-0.5375551289924528,-0.024901275,-0.0250387970711748,-0.0272526014719577,-0.948560338583984,0.5530226560820588
C276F,C,276,F,0.4971087072723472,-8.856429191146162,-4.632052248413132,-13.662994,-9.350612258911132,-8.695446014404297,-3.5837106704711914,-1.536322384354297,-0.06657708,-0.0418896538269178,-0.0397197058132415,-0.839919698754403,0.7510201463074966
C276G,C,276,G,0.4971087072723472,-7.739229314200202,-4.2283675504732,-11.944092,-10.619930171966551,-7.865946292877197,-2.10738492012024,-1.5482203283037608,-0.061541975,-0.0309201676324503,-0.0351319470942415,-0.83556177231286,1.2425094883010874
C276R,C,276,R,0.4971087072723472,-9.471282675800468,-5.317519927511382,-13.883392,-10.743798828125,-12.86056900024414,-9.673872947692873,-1.5992129311394978,-0.06983039,-0.0431938255596371,-0.0415536067870015,-1.04486423645682,0.38586647569740073
C276S,C,276,S,0.4971087072723472,-7.889935212704586,-2.7631040733959584,-12.466705,-9.39799280166626,-6.153471946716309,-2.869086980819702,-1.2911838442925851,-0.052661717,-0.0363111685443398,-0.0344233902348061,-0.8651357383580736,1.2572298213192268
C276W,C,276,W,0.4971087072723472,-10.97024582571703,-8.611732021196104,-14.555664,-11.135550117492675,-13.3427152633667,-7.327838897705078,-1.6019091104813996,-0.08253002,-0.0482848716887417,-0.0457242245705711,-0.900705285947577,0.191603045166083
C276Y,C,276,Y,0.4971087072723472,-10.97024582571703,-8.611732021196104,-14.502319,-9.81612377166748,-11.599438667297363,-7.310202121734619,-1.503740598937094,-0.077388555,-0.046223789914028,-0.0439917457024782,-0.917057900312034,0.3040460451534493
R277G,R,277,G,0.5540818763576438,-8.03266426639857,-3.885551463582713,-13.06015,-8.21230239868164,-10.100505828857422,-5.176192283630371,-0.8281145956174825,-0.02215818,-0.0240828490941467,-0.0267720675100027,-0.7555717511389209,0.8065336010216493
R277I,R,277,I,0.5540818763576438,-9.650326802715426,-6.056686102634123,-14.553009,-8.305269002914429,-12.869770050048828,-6.002313137054443,-0.9480562042051804,-0.027614597,-0.0262701442962714,-0.0290487428374637,-0.746464450030614,0.22065802197100512
R277K,R,277,K,0.5540818763576438,-7.431666036345632,-3.038209762011724,-12.426544,-3.860438919067383,-10.458721160888672,-4.485320568084717,-0.4885893467681139,-0.014790448,-0.0211293134205125,-0.0232091234219785,-0.62182525286522,0.9003561997405003
R277S,R,277,S,0.5540818763576438,-7.296094513969365,-2.824539032558804,-12.2187805,-7.372277069091797,-10.842841148376465,-4.586504459381104,-0.7380836081366666,-0.018177975,-0.0224871772277697,-0.0238928384338782,-0.8243031066405214,0.8956616902459912
R277T,R,277,T,0.5540818763576438,-6.595389197939767,-2.904619344966675,-11.621704,-7.399119186401367,-11.179559707641602,-4.729120254516602,-0.7551159536090621,-0.020476568,-0.0144576521109271,-0.0216303776957867,-0.707283998344974,0.9483927579739101
D278A,D,278,A,0.583180073756514,-7.775576398566045,-3.829158192967424,-12.125763,-7.573707389831543,-8.964481353759766,-2.6823432445526123,-0.99530876843549,-0.021529738,-0.0163240411686845,-0.0234389820898868,-0.816703842594966,1.104643368031553
D278E,D,278,E,0.583180073756514,-7.681830160687241,-3.135937271095411,-12.077942,-4.970682764053345,-7.6975908279418945,-2.6491241455078125,-0.6340777163727077,-0.01361278,-0.0206492173487513,-0.0224306725508329,-0.937369336026116,1.228422826155571
D278G,D,278,G,0.583180073756514,-8.175789770279152,-3.962620054966479,-13.020691,-6.843521976470948,-9.900632858276367,-2.1991288661956787,-0.8695441629972771,-0.016440574,-0.021782847692898,-0.0244314096884485,-0.8799432053488929,0.8322340972433814
D278H,D,278,H,0.583180073756514,-8.045530723841694,-3.829158192549353,-13.036102,-7.419072914123535,-10.34622573852539,-3.4212303161621094,-0.935706869334141,-0.021545876,-0.0238294790912148,-0.0254176899823658,-0.79095065189815,0.7905252662873695
D278N,D,278,N,0.583180073756514,-6.82640958727643,-2.689442982586332,-11.007965,-4.467982196807862,-6.808284282684326,-0.6407815217971802,-0.666083518040379,-0.012498814,-0.0112515885308878,-0.0190327456981667,-0.8287291155860931,1.5312338756280242
D278V,D,278,V,0.583180073756514,-9.558924152859618,-5.890101468527661,-14.163818,-8.843663883209228,-12.905245780944824,-5.285934925079346,-1.147117554637524,-0.0328199,-0.0283490448334885,-0.0298658796230426,-0.7336028710564871,0.3234360400015109
D278Y,D,278,Y,0.583180073756514,-8.482806594011436,-4.521283088518721,-13.388306,-7.745087909698486,-11.879911422729492,-4.77672815322876,-1.1190249504143688,-0.0285112,-0.0266217364380691,-0.0276878306407802,-0.696894359469673,0.577154365861812
N279D,N,279,D,0.5733950955299385,-6.908597513771383,-3.6067034879335953,-11.555756,-4.900164365768433,-4.014815330505371,-0.3094246387481689,-0.6189412962292855,-0.011776152,-0.0114823229791839,-0.0196406551807394,-0.7809117080036,1.6471252163552446
N279H,N,279,H,0.5733950955299385,-8.563844660115137,-4.903380340784425,-13.748108,-5.297305154800415,-6.683640003204346,-0.2066626250743866,-0.6060664677569821,-0.015678752,-0.02146160470992,-0.0245924185443398,-0.7804629302192808,0.834459808958795
N279I,N,279,I,0.5733950955299385,-7.144348186016941,-3.519679558697073,-11.789185,-7.1309503555297855,-10.609225273132324,-1.817684769630432,-0.95585647626079,-0.023113165,-0.0169432179027835,-0.0232186222707988,-0.844793476390967,0.993029774063425
N279K,N,279,K,0.5733950955299385,-7.263785042858217,-4.058552158724345,-11.9279175,-5.465471124649048,-8.042923927307129,-0.4605857729911804,-0.7012449523692483,-0.015698735,-0.0139705497960644,-0.0215705551585351,-0.780857548502563,1.230020068019396
N279S,N,279,S,0.5733950955299385,-7.761826039489279,-3.606703455445204,-12.51358,-3.88328104019165,-4.6860551834106445,0.3194209635257721,-0.6156335811701458,-0.011673468,-0.0198558950529456,-0.0222520133517435,-0.299670096149865,1.3459998981119692
N279T,N,279,T,0.5733950955299385,-6.883477135708745,-2.959843887600652,-11.675171,-5.182411956787109,-7.82248067855835,-0.5368356108665466,-0.7086213723336525,-0.014330703,-0.0134222102217853,-0.0204511057198968,-0.8094098595989241,1.3021942424401092
N279Y,N,279,Y,0.5733950955299385,-10.334467586750977,-8.786457988776888,-13.966705,-6.435037565231323,-7.931182861328125,-0.7112398147583008,-0.8452471802884964,-0.022016857,-0.0240025130855063,-0.0271947325986479,-0.793446131058573,0.6899211757236117
W280C,W,280,C,0.3657769964602054,-10.87527923356447,-8.301143967015822,-14.611969,-8.437318229675293,-9.768900871276855,-1.8757073879241943,-0.749452383559893,-0.05342701,-0.0364606238358857,-0.0369205095910078,-0.8420735193712455,0.32049635718393743
W280G,W,280,G,0.3657769964602054,-7.253486480411084,-3.5434155374917227,-12.7291565,-8.317106246948242,-8.552889823913574,1.2971922159194946,-0.721244492271032,-0.047839344,-0.0258060143746551,-0.0312812754649989,-0.8170923997052071,1.0098077011361022
W280L,W,280,L,0.3657769964602054,-8.300305851233134,-3.438247436330352,-13.459564,-7.309214115142822,-7.148764133453369,1.1282155513763428,-0.6376001936254573,-0.025758151,-0.0253687304903076,-0.0272583445702693,-0.722791606644418,0.9076973233382634
W280R,W,280,R,0.3657769964602054,-7.575308096240406,-3.543415594702247,-12.409241,-7.603049516677856,-7.094501495361328,0.8671184778213501,-0.7568866744154221,-0.03681326,-0.0204689413243308,-0.027638618519764,-0.854038150348404,1.2012399054684786
W280S,W,280,S,0.3657769964602054,-7.306974376467679,-1.842125352151023,-11.869415,-7.569396781921386,-6.784733295440674,1.46692156791687,-0.7189223968091699,-0.03815031,-0.0184214004617653,-0.02676470758636,-0.864062067430638,1.3522076037373598
H281D,H,281,D,0.2398429470109094,-7.169055055035642,-0.8360825488619585,-11.370544,-5.540673494338989,-1.486274003982544,-0.4206490516662597,-0.4784043383015546,-0.017038677,-0.0202980630971474,-0.0220272577887865,-0.7584302504235071,1.8796428113035932
H281L,H,281,L,0.2398429470109094,-7.847400822533018,-2.5166449291876067,-12.410492,-4.34860863685608,-2.265958786010742,-0.9991459846496582,-0.5765737895453239,-0.0136600165,-0.0189437024114411,-0.0225467302941329,-0.970819533533178,1.5300840938709501
H281N,H,281,N,0.2398429470109094,-6.3775122559854935,-1.6527801546474907,-9.035065,-3.4945767402648924,-0.2797566652297973,1.224978804588318,-0.3857393200001632,-0.010909366,-0.0074358807494309,-0.0158862520264211,-0.762112666889881,2.5328544106406348
H281P,H,281,P,0.2398429470109094,-8.673600831078147,-3.491142911373514,-12.474243,-7.544210767745971,-5.347734451293945,-1.3391666412353516,-0.5721188183980379,-0.021939699,-0.022262842713076,-0.02544913386667,-0.51641837250469,1.3121816294913125
H281Q,H,281,Q,0.2398429470109094,-6.268616235462105,-1.2650976492918566,-9.481689,-3.452564191818237,0.662229597568512,-0.4076946973800659,-0.3967104690353624,-0.010937068,-0.0064575666886555,-0.0163049087355994,-0.614176763486139,2.5116703167839813
H281R,H,281,R,0.2398429470109094,-6.259022863765495,-2.1119521206570364,-9.933777,-3.439613628387451,2.902516841888428,0.2598192691802978,-0.3874701482296879,-0.012184906,-0.0087253663187258,-0.0174372927768867,-0.511662008458885,2.572057059891965
H281W,H,281,W,0.2398429470109094,-8.405922676525734,-3.4911429113711265,-12.604462,-7.110665082931519,-4.222239017486572,-2.2191967964172363,-0.605737844867304,-0.030364366,-0.025639952939604,-0.0280252755609305,-0.711656921656909,1.3497119773698865
H281Y,H,281,Y,0.2398429470109094,-7.105625592217621,-0.9501057682762946,-11.262817,-3.463568639755249,-2.653603792190552,-0.7938166856765747,-0.3810646320015513,-0.015240896,-0.0074863054894453,-0.0198063292513883,-0.850871382583195,1.8229652545919148
G282A,G,282,A,0.4371275636031954,-3.020809253834159,-2.4546444894267903,-4.5259705,-4.318165683746338,-7.114651679992676,-2.273334503173828,-0.5895889273965,-0.0069458364,-0.0070927432567605,-0.008064135284087,0.0374988742266112,2.455616270398267
G282C,G,282,C,0.4371275636031954,-8.409425441097483,-5.793333767199764,-12.140015,-8.01346731185913,-11.25434398651123,-2.4861369132995605,-0.9069666502376126,-0.030149136,-0.0270652181528525,-0.026707057658147,-0.8815942237409901,0.8607852712829878
G282D,G,282,D,0.4371275636031954,-5.500826837400382,-2.184263505847873,-6.979706,-4.875026369094849,-9.593255996704102,-2.577012777328491,-0.6257719895416842,-0.018672232,-0.0131328321713748,-0.0154646648213299,-0.9031905669994508,1.7678231786929421
G282R,G,282,R,0.4371275636031954,-7.379596325408784,-4.433160524300538,-11.786224,-4.157690858840942,-8.207381248474121,-2.3396005630493164,-0.7192158244991864,-0.015159863,-0.0210563541774455,-0.0215385049647316,-0.876283122140717,1.2438640921711686
G282S,G,282,S,0.4371275636031954,-6.243429372123501,-2.48974659583204,-9.313965,-3.3307549476623537,-6.601316452026367,0.0444343872368335,-0.5527847997638804,-0.010340634,-0.0116253783371275,-0.0165943878375931,-0.3415957073826179,1.85933434466021
G282V,G,282,V,0.4371275636031954,-7.119714344127715,-3.7421982878292224,-11.076263,-5.987822151184082,-11.637004852294922,-3.7283997535705566,-0.8309503304649998,-0.017260212,-0.0218983496524903,-0.0220044369729149,-1.05403705801354,0.9585551027620768
S283A,S,283,A,0.366894912445714,-5.49567757800105,-1.2874734708155078,-7.476593,-3.6174596309661866,0.1076119393110275,-0.3681925237178802,-0.3529392877425475,-0.014187741,-0.0076269019255312,-0.0143554889603166,-0.0385362809157557,2.8882322716433535
S283L,S,283,L,0.366894912445714,-7.93112670352275,-3.904983928995929,-12.096191,-5.633958339691162,-4.262479305267334,-1.2117443084716797,-0.5194815382682649,-0.022996146,-0.0240565419986548,-0.0251761935404594,-0.8084565173877131,1.4899891802818641
S283P,S,283,P,0.366894912445714,-7.580145298219577,-3.3004148582962025,-11.647034,-4.898866939544678,-2.300661563873291,-0.2953959107398987,-0.4636519113328814,-0.016134445,-0.0213057831686327,-0.0225725994994309,-0.8317875012374308,1.7482244439964472
S283T,S,283,T,0.366894912445714,-6.226340499786602,-2.1152803491587613,-9.283905,-3.4084909439086912,-1.5441139936447144,-0.3975173532962799,-0.3574284769415795,-0.015613305,-0.0105523452590369,-0.017724801373008,-0.7166469132939829,2.3683211258231034
S283W,S,283,W,0.366894912445714,-9.174791621044278,-5.661726262379084,-12.753845,-7.524572658538818,-5.198288917541504,-1.7603610754013062,-0.6375692904708834,-0.032599453,-0.0279063041636486,-0.0291365903471215,-0.873900236933312,1.24326798346106
N284D,N,284,D,0.3868062842472151,-7.629618675848178,-2.78681554350679,-12.065308,-2.480212736129761,-7.624552726745605,-1.3062151670455933,-0.3608347497813841,-0.011375877,-0.0195702895949745,-0.0217623847473009,-0.711596671321345,1.237466083153247
N284H,N,284,H,0.3868062842472151,-7.439854591159928,-3.835636295939804,-12.320251,-4.044921922683716,-7.528350830078125,-0.0692284852266311,-0.4203656933580947,-0.017439906,-0.0135866211476442,-0.0218710320411665,-0.959622262876286,1.187946623654771
N284I,N,284,I,0.3868062842472151,-7.764856699278425,-3.143405272158411,-12.611542,-6.547959995269776,-10.372421264648438,-0.9340037107467652,-0.6847825062623064,-0.029072616,-0.0266646833609272,-0.0271240975419943,-0.7997221920216049,0.8742373996803618
N284K,N,284,K,0.3868062842472151,-6.586823407857992,-1.786614452803714,-10.74939,-4.139467668533325,-7.011171817779541,1.5209977626800537,-0.4437835165381056,-0.017038126,-0.00959390467629,-0.0190040470485392,-0.7536411234944611,1.5614283479124664
N284S,N,284,S,0.3868062842472151,-7.269948737891354,-2.8381052446040265,-12.145233,-3.1787045001983643,-7.3678083419799805,0.2963557541370392,-0.3815551662452998,-0.015031624,-0.0135368700848509,-0.0212671646219215,-0.826788094725444,1.2412812687259662
N284T,N,284,T,0.3868062842472151,-7.470641861516015,-2.563664278953981,-11.961121,-4.482954263687134,-8.235576629638672,-0.2818766832351684,-0.4507520180214414,-0.018075217,-0.0222560048892798,-0.0236095571623206,-0.877161661610364,1.2056310368789618
N284Y,N,284,Y,0.3868062842472151,-7.750217808202251,-4.392836554419853,-12.950043,-5.2028398513793945,-10.157291412353516,-0.2188206017017364,-0.6009458239931077,-0.028760854,-0.018124881432809,-0.0256959186747637,-0.801673435443477,0.8255769304561409
R285G,R,285,G,0.4270325036714857,-7.388241537289105,-2.092998958100699,-12.526245,-5.583382987976075,-10.534449577331545,0.5651660561561584,-0.8718854956307245,-0.024593685,-0.0250540558602373,-0.0262097491333816,-0.9286698533783192,0.8742256838166262
R285L,R,285,L,0.4270325036714857,-8.676164281403544,-4.287540173317497,-13.936401,-5.1282013893127445,-10.39134693145752,0.890982985496521,-0.785822308065738,-0.019205127,-0.0228938424824089,-0.0264216037775506,-0.8717116233204709,0.5627597406420618
R285P,R,285,P,0.4270325036714857,-7.664091638891477,-3.414502513634893,-13.27356,-7.09048023223877,-12.942702293395996,-0.6834714412689209,-0.9019129521952816,-0.025417302,-0.0178852544451917,-0.0256882892802324,-1.06059637219908,0.47957758744678747
R285Q,R,285,Q,0.4270325036714857,-7.566177688922835,-2.855190192913545,-12.612549,-4.065144443511963,-9.73341941833496,0.5203477144241333,-0.5739818707372157,-0.01723193,-0.0221027770052946,-0.0244116709458643,-0.9663249713780742,0.9344417456798307
