DMS ID,EVCouplings Spearman,Bitscore,Database,len_seq,Virus,assay,log_neff90,Num_Seq,Prop_90,Len_Seq,Neff90
AAV2_CAPSD_Sinai,0.4749047429290551,0.5,uniref100,735,AAV2,fitness,0.0052014883314547,1215,0.1061728395061728,735,45.745522753413496
AAV2_CAPSD_Sinai,0.4911218828504295,0.3,uniref100,735,AAV2,fitness,0.0051489433409569,3563,0.0364861072130227,735,44.0124855252663
AAV2_CAPSD_Sinai,0.4450236994399351,0.1,uniref100,735,AAV2,fitness,0.0057669710900968,3552,0.0515202702702702,735,69.31932665469871
AAV2_CAPSD_Sinai,0.4665028564118547,0.05,uniref100,735,AAV2,fitness,0.0050297516251717,3567,0.0367255396691897,735,40.32079918008164
AAV2_CAPSD_Sinai,0.4640240168776647,0.04,uniref100,735,AAV2,fitness,0.0051318332787658,3577,0.0438915292144255,735,43.4624549102394
AAV2_CAPSD_Sinai,0.4635078119727696,0.03,uniref100,735,AAV2,fitness,0.0052281010999316,3575,0.0441958041958042,735,46.6491314390326
AAV2_CAPSD_Sinai,0.5166290160774228,0.5,uniref90,735,AAV2,fitness,0.0033808253738612,227,0.0572687224669603,735,12.0
AAV2_CAPSD_Sinai,0.5130156395132309,0.3,uniref90,735,AAV2,fitness,0.0033808253738612,427,0.0304449648711943,735,12.0
AAV2_CAPSD_Sinai,0.5115090844071598,0.1,uniref90,735,AAV2,fitness,0.0033808253738612,425,0.0305882352941176,735,12.0
AAV2_CAPSD_Sinai,0.5078576541642333,0.05,uniref90,735,AAV2,fitness,0.0033808253738612,427,0.0304449648711943,735,12.0
AAV2_CAPSD_Sinai,0.5062968971774685,0.04,uniref90,735,AAV2,fitness,0.0033808253738612,425,0.0305882352941176,735,12.0
AAV2_CAPSD_Sinai,0.5037895298090396,0.03,uniref90,735,AAV2,fitness,0.0033808253738612,420,0.0309523809523809,735,12.0
AAV2_CAPSD_Sinai,0.4769361686158397,0.5,uniref_bfd_mgnify,735,AAV2,fitness,0.0051919828201084,1604,0.0816708229426434,735,45.42703320024867
AAV2_CAPSD_Sinai,0.4874753891986007,0.3,uniref_bfd_mgnify,735,AAV2,fitness,0.0056444782579242,4497,0.0520346897931954,735,63.351052430075306
AAV2_CAPSD_Sinai,0.4548898629157973,0.1,uniref_bfd_mgnify,735,AAV2,fitness,0.0056672120663922,4481,0.0522204864985494,735,64.41850063520106
CVB3_2A_Alvarez,0.375068943455439,0.5,uniref100,150,Coxsackievirus B3,fitness,0.0421408231238013,7443,0.1331452371355636,150,556.1975119952289
CVB3_2A_Alvarez,0.3754763142523522,0.3,uniref100,150,Coxsackievirus B3,fitness,0.0421551910096561,7444,0.1333960236432025,150,557.3975119952289
CVB3_2A_Alvarez,0.2603324639053843,0.1,uniref100,150,Coxsackievirus B3,fitness,0.0426022822560954,526419,0.0021484786833301,150,596.0605992045296
CVB3_2A_Alvarez,0.2773651535705477,0.05,uniref100,150,Coxsackievirus B3,fitness,0.0426639015235289,552611,0.0020520764154169,150,601.5954614827742
CVB3_2A_Alvarez,0.2555043280722221,0.04,uniref100,150,Coxsackievirus B3,fitness,0.0426121384012255,565074,0.0019572657740402,150,596.9424799055282
CVB3_2A_Alvarez,0.3736461264155407,0.5,uniref90,150,Coxsackievirus B3,fitness,0.0330924790839649,740,0.2405405405405405,150,143.14696969696968
CVB3_2A_Alvarez,0.3704293496682843,0.3,uniref90,150,Coxsackievirus B3,fitness,0.0330924790839649,740,0.2405405405405405,150,143.14696969696968
CVB3_2A_Alvarez,0.2005211442406524,0.1,uniref90,150,Coxsackievirus B3,fitness,0.03350245954577,264507,0.0007220980919219,150,152.22640692640692
CVB3_2A_Alvarez,0.2334044707369844,0.05,uniref90,150,Coxsackievirus B3,fitness,0.0341256678249129,279157,0.000741518213765,150,167.1430735930736
CVB3_2A_Alvarez,0.3726041592810206,0.5,uniref_bfd_mgnify,150,Coxsackievirus B3,fitness,0.0422541357950228,7630,0.1326343381389253,150,565.7319442296612
CVB3_2A_Alvarez,0.3729936227247195,0.3,uniref_bfd_mgnify,150,Coxsackievirus B3,fitness,0.0422541357950228,7631,0.1326169571484733,150,565.7319442296612
CVB3_2B_Alvarez,0.5391878455593794,0.5,uniref100,99,Coxsackievirus B3,fitness,0.0648484336176478,7399,0.1748884984457359,99,613.9999999999989
CVB3_2B_Alvarez,0.5547822040992257,0.3,uniref100,99,Coxsackievirus B3,fitness,0.0648484336176478,7417,0.1744640690306053,99,613.9999999999989
CVB3_2B_Alvarez,0.5534725407904846,0.5,uniref90,99,Coxsackievirus B3,fitness,0.050612477718144,655,0.3221374045801526,99,149.99999999999994
CVB3_2B_Alvarez,0.5683987095385541,0.3,uniref90,99,Coxsackievirus B3,fitness,0.0506124777181439,669,0.3153961136023916,99,149.9999999999999
CVB3_2B_Alvarez,0.243355668375675,0.1,uniref90,99,Coxsackievirus B3,fitness,0.0486897127838892,82415,0.0026087484074501,99,123.99999999999994
CVB3_2B_Alvarez,0.1589457747725373,0.05,uniref90,99,Coxsackievirus B3,fitness,0.0487708458313363,248511,0.0008651528503768,99,124.99999999999991
CVB3_2B_Alvarez,0.1747220272019939,0.04,uniref90,99,Coxsackievirus B3,fitness,0.0474795996544688,188528,0.0011404141559874,99,109.99999999999994
CVB3_2B_Alvarez,0.1634573683842864,0.03,uniref90,99,Coxsackievirus B3,fitness,0.0474795996544688,199583,0.0010772460580309,99,109.99999999999996
CVB3_2B_Alvarez,0.5421414715930609,0.5,uniref_bfd_mgnify,99,Coxsackievirus B3,fitness,0.0650116198825194,7572,0.1765715795034337,99,623.9999999999986
CVB3_2B_Alvarez,0.5535548622340399,0.3,uniref_bfd_mgnify,99,Coxsackievirus B3,fitness,0.0650116198825194,7590,0.1761528326745718,99,623.9999999999991
CVB3_2C_Alvarez,0.4960587185569087,0.5,uniref100,329,Coxsackievirus B3,fitness,0.0161704605674745,9840,0.1142276422764227,329,204.40054541547167
CVB3_2C_Alvarez,0.4831417872260635,0.3,uniref100,329,Coxsackievirus B3,fitness,0.0158648542340189,15478,0.0726192014472154,329,184.84858730952985
CVB3_2C_Alvarez,0.4980052368792234,0.5,uniref90,329,Coxsackievirus B3,fitness,0.0121812577792067,1045,0.1425837320574162,329,55.01653681251805
CVB3_2C_Alvarez,0.4618025278305276,0.3,uniref90,329,Coxsackievirus B3,fitness,0.0117321829406757,2712,0.0553097345132743,329,47.460044445109496
CVB3_2C_Alvarez,0.2374464525689006,0.1,uniref90,329,Coxsackievirus B3,fitness,0.0110667189475454,229788,0.0006832384632791,329,38.12806151523339
CVB3_3A_Alvarez,0.4981165172442428,0.5,uniref100,89,Coxsackievirus B3,fitness,0.0676791864377643,6966,0.1580534022394487,89,412.9999999999988
CVB3_3A_Alvarez,0.5006360747775844,0.3,uniref100,89,Coxsackievirus B3,fitness,0.0676791864377643,6990,0.1575107296137339,89,412.9999999999986
CVB3_3A_Alvarez,0.2810175869530158,0.1,uniref100,89,Coxsackievirus B3,fitness,0.06529371902221,167684,0.0066434483910212,89,333.99999999999875
CVB3_3A_Alvarez,0.2805505287931358,0.05,uniref100,89,Coxsackievirus B3,fitness,0.0620388867175533,335558,0.0033198433653794,89,250.0000000000008
CVB3_3A_Alvarez,0.4555713980447414,0.5,uniref90,89,Coxsackievirus B3,fitness,0.0506838146799646,506,0.2826086956521739,89,91.0
CVB3_3A_Alvarez,0.4290367629559888,0.3,uniref90,89,Coxsackievirus B3,fitness,0.0506838146799646,523,0.2734225621414914,89,91.0
CVB3_3A_Alvarez,0.2475287218095322,0.1,uniref90,89,Coxsackievirus B3,fitness,0.0470747723823193,75996,0.0018948365703458,89,66.00000000000003
CVB3_3A_Alvarez,0.2527586280752297,0.05,uniref90,89,Coxsackievirus B3,fitness,0.0461895939794754,145233,0.0009915101939641,89,60.99999999999999
CVB3_3A_Alvarez,0.2543814519331095,0.04,uniref90,89,Coxsackievirus B3,fitness,0.0465520755774329,168382,0.0008551982991056,89,63.00000000000001
CVB3_3A_Alvarez,0.2456859132241753,0.03,uniref90,89,Coxsackievirus B3,fitness,0.0465520755774329,182026,0.0007910957775262,89,63.00000000000001
CVB3_3A_Alvarez,0.4993015377602892,0.5,uniref_bfd_mgnify,89,Coxsackievirus B3,fitness,0.0678143981182556,7043,0.1591651284963793,89,417.9999999999994
CVB3_3A_Alvarez,0.3638749743359314,0.3,uniref_bfd_mgnify,89,Coxsackievirus B3,fitness,0.0623053645447142,17575,0.0645234708392603,89,256.0000000000008
CVB3_3B_Alvarez,0.5142547745800389,0.5,uniref100,22,Coxsackievirus B3,fitness,0.1129503022630909,9973,0.0885390554497142,22,11.999999999999996
CVB3_3B_Alvarez,0.4513769020344526,0.3,uniref100,22,Coxsackievirus B3,fitness,0.112950302263091,13465,0.0655774229483847,22,12.000000000000028
CVB3_3B_Alvarez,0.3637282357924616,0.1,uniref100,22,Coxsackievirus B3,fitness,0.1129503022630912,107922,0.0084876114230648,22,12.000000000000076
CVB3_3B_Alvarez,0.3269775276050121,0.05,uniref100,22,Coxsackievirus B3,fitness,0.1165886071573424,192157,0.0048189761497109,22,12.999999999999972
CVB3_3B_Alvarez,0.3412679655062845,0.04,uniref100,22,Coxsackievirus B3,fitness,0.1165886071573427,172394,0.0053656159727136,22,13.00000000000004
CVB3_3B_Alvarez,0.4066568695563238,0.03,uniref100,22,Coxsackievirus B3,fitness,0.1129503022630911,143021,0.0064046538620202,22,12.00000000000006
CVB3_3B_Alvarez,0.3385473411037593,0.5,uniref90,22,Coxsackievirus B3,fitness,0.088450461320696,1384,0.0903179190751445,22,7.000000000000003
CVB3_3B_Alvarez,0.2738849319626553,0.3,uniref90,22,Coxsackievirus B3,fitness,0.0884504613206961,2410,0.0518672199170124,22,7.000000000000013
CVB3_3B_Alvarez,0.2534656987952812,0.1,uniref90,22,Coxsackievirus B3,fitness,0.0884504613206961,50453,0.0024775533664995,22,7.000000000000014
CVB3_3B_Alvarez,0.2838833286940374,0.05,uniref90,22,Coxsackievirus B3,fitness,0.0884504613206961,48755,0.0025638396061942,22,7.000000000000015
CVB3_3B_Alvarez,0.2874434326944242,0.04,uniref90,22,Coxsackievirus B3,fitness,0.0884504613206961,48623,0.0025707998272422,22,7.000000000000016
CVB3_3B_Alvarez,0.2839444418843765,0.03,uniref90,22,Coxsackievirus B3,fitness,0.0884504613206961,47940,0.002607425949103,22,7.000000000000016
CVB3_3B_Alvarez,0.3828706535938211,0.5,uniref_bfd_mgnify,22,Coxsackievirus B3,fitness,0.1129503022630907,64369,0.0148207988317357,22,11.999999999999954
CVB3_3C_Alvarez,0.4973009138494776,0.5,uniref100,183,Coxsackievirus B3,fitness,0.0299989239845548,7527,0.1487976617510296,183,242.2095084874504
CVB3_3C_Alvarez,0.5165719034760965,0.3,uniref100,183,Coxsackievirus B3,fitness,0.0300669080126838,11656,0.0960878517501715,183,245.24167828769603
CVB3_3C_Alvarez,0.3819289685307439,0.1,uniref100,183,Coxsackievirus B3,fitness,0.0274763296415118,653341,0.0017142655979036,183,152.65314541859408
CVB3_3C_Alvarez,0.3999104343560651,0.05,uniref100,183,Coxsackievirus B3,fitness,0.0274763296415118,658069,0.0017019491876991,183,152.65314541859402
CVB3_3C_Alvarez,0.4087767653055025,0.04,uniref100,183,Coxsackievirus B3,fitness,0.0274942065812493,658782,0.0017001071674696,183,153.1533649093755
CVB3_3C_Alvarez,0.4087297173361358,0.03,uniref100,183,Coxsackievirus B3,fitness,0.0274763296415118,656903,0.0017049701401881,183,152.65314541859405
CVB3_3C_Alvarez,0.5070200391148031,0.5,uniref90,183,Coxsackievirus B3,fitness,0.0225240203312405,599,0.2404006677796327,183,61.67605207355665
CVB3_3C_Alvarez,0.4969353093482391,0.3,uniref90,183,Coxsackievirus B3,fitness,0.0220561139806472,2118,0.0679886685552408,183,56.61471073729139
CVB3_3C_Alvarez,0.3888522024391663,0.1,uniref90,183,Coxsackievirus B3,fitness,0.0206120611081415,312179,0.0004612738204683,183,43.46722399833859
CVB3_3C_Alvarez,0.3841720196558997,0.05,uniref90,183,Coxsackievirus B3,fitness,0.0206120611081415,320093,0.0004498692567472,183,43.46722399833857
CVB3_3C_Alvarez,0.3863422679905297,0.04,uniref90,183,Coxsackievirus B3,fitness,0.0206120611081415,318864,0.0004516031913292,183,43.46722399833858
CVB3_3C_Alvarez,0.3902319426804719,0.03,uniref90,183,Coxsackievirus B3,fitness,0.0206120611081415,317756,0.0004531779100945,183,43.46722399833857
CVB3_3C_Alvarez,0.4990078322782901,0.5,uniref_bfd_mgnify,183,Coxsackievirus B3,fitness,0.0300903259747439,7789,0.1464886378225703,183,246.2949135269029
CVB3_3D_Alvarez,0.498592589942871,0.5,uniref100,462,Coxsackievirus B3,fitness,0.0132600896745516,13390,0.0745332337565347,462,457.67596313492834
CVB3_3D_Alvarez,0.5012226842679623,0.3,uniref100,462,Coxsackievirus B3,fitness,0.0130703587898755,21505,0.0464078121367123,462,419.26608283035904
CVB3_3D_Alvarez,0.4445442547725303,0.1,uniref100,462,Coxsackievirus B3,fitness,0.0125401773238197,60400,0.0171523178807947,462,328.17989670789893
CVB3_3D_Alvarez,0.362637605611415,0.05,uniref100,462,Coxsackievirus B3,fitness,0.011648068056747,149360,0.0070099089448312,462,217.32793678733344
CVB3_3D_Alvarez,0.3612059257618248,0.04,uniref100,462,Coxsackievirus B3,fitness,0.0116893829518769,160003,0.0065248776585439,462,221.5160226229427
CVB3_3D_Alvarez,0.3757744747803494,0.03,uniref100,462,Coxsackievirus B3,fitness,0.0117132934133906,166623,0.0062416353084508,462,223.97659437234327
CVB3_3D_Alvarez,0.5108080651633287,0.5,uniref90,462,Coxsackievirus B3,fitness,0.0098002213488363,2701,0.0473898556090336,462,92.545670995671
CVB3_3D_Alvarez,0.5137181022370447,0.3,uniref90,462,Coxsackievirus B3,fitness,0.0097700525526893,3691,0.0346789487943646,462,91.26471861471862
CVB3_3D_Alvarez,0.4316899405677527,0.1,uniref90,462,Coxsackievirus B3,fitness,0.0094192078421995,11867,0.0108704811662593,462,77.60827228327231
CVB3_3D_Alvarez,0.3241367416225363,0.05,uniref90,462,Coxsackievirus B3,fitness,0.0092953444675971,50453,0.0028145006243434,462,73.2918300808999
CVB3_3D_Alvarez,0.333530790343244,0.04,uniref90,462,Coxsackievirus B3,fitness,0.0094041068199052,61443,0.0023273603176928,462,77.06870916586723
CVB3_3D_Alvarez,0.3322361968027197,0.03,uniref90,462,Coxsackievirus B3,fitness,0.0094034397394498,67973,0.0021037764994924,462,77.04496092987475
CVB3_POLG_Mattenberger,0.3681686811856798,0.05,uniref90,2185,Coxsackievirus B3,fitness,0.0020778307512216,2246,0.0552092609082813,2185,93.69643967143968
CVB3_POLG_Mattenberger,0.3563465896039098,0.04,uniref90,2185,Coxsackievirus B3,fitness,0.0020832594935926,2273,0.0545534535855697,2185,94.8144660894661
CVB3_POLG_Mattenberger,0.3585848600472316,0.03,uniref90,2185,Coxsackievirus B3,fitness,0.0020838602058128,2249,0.0551356158292574,2185,94.93899711399712
CVB3_VP1_Alvarez,0.3639893608959037,0.5,uniref100,281,Coxsackievirus B3,fitness,0.0145701956700866,20813,0.0115312545043962,281,59.99282569329075
CVB3_VP1_Alvarez,0.3617662391068704,0.3,uniref100,281,Coxsackievirus B3,fitness,0.0146042691255597,20901,0.0114348595760968,281,60.569994142241576
CVB3_VP1_Alvarez,0.3460681695950418,0.1,uniref100,281,Coxsackievirus B3,fitness,0.0140159771905634,33744,0.007201280227596,281,51.34099678118419
CVB3_VP1_Alvarez,0.3087346576879023,0.05,uniref100,281,Coxsackievirus B3,fitness,0.0133715922859786,47681,0.0052222059101109,281,42.83765186602913
CVB3_VP1_Alvarez,0.3287045113174834,0.04,uniref100,281,Coxsackievirus B3,fitness,0.0139222595025844,34866,0.0069695405265875,281,50.00659617496076
CVB3_VP1_Alvarez,0.3411085362687438,0.03,uniref100,281,Coxsackievirus B3,fitness,0.0139952389162657,34352,0.0070738239403819,281,51.04267948833036
CVB3_VP1_Alvarez,0.4076755702942928,0.5,uniref90,281,Coxsackievirus B3,fitness,0.0039096522728402,2139,0.002805049088359,281,3.0
CVB3_VP1_Alvarez,0.4120800467161264,0.3,uniref90,281,Coxsackievirus B3,fitness,0.0039096522728402,2162,0.0027752081406105,281,3.0
CVB3_VP1_Alvarez,0.342894267702462,0.1,uniref90,281,Coxsackievirus B3,fitness,0.0049334318901063,4490,0.0015590200445434,281,4.0
CVB3_VP1_Alvarez,0.2917651213206387,0.05,uniref90,281,Coxsackievirus B3,fitness,0.0057275370549256,8523,0.0010559662090813,281,5.0
CVB3_VP1_Alvarez,0.3182503526300181,0.04,uniref90,281,Coxsackievirus B3,fitness,0.0063763682178934,5239,0.0017178850925749,281,6.0
CVB3_VP1_Alvarez,0.3531172068980435,0.03,uniref90,281,Coxsackievirus B3,fitness,0.0049334318901063,4493,0.0015579790785666,281,4.0
CVB3_VP1_Alvarez,0.3646813305504874,0.5,uniref_bfd_mgnify,281,Coxsackievirus B3,fitness,0.0144645043965396,23777,0.0108087647726794,281,58.23728209226488
CVB3_VP1_Alvarez,0.3620737918559238,0.3,uniref_bfd_mgnify,281,Coxsackievirus B3,fitness,0.0146310455546436,23877,0.0107634962516229,281,61.02745231301259
CVB3_VP3_Alvarez,0.4415835277271525,0.5,uniref100,238,Coxsackievirus B3,fitness,0.0066909804070185,10964,0.0084823057278365,238,4.915794245945047
CVB3_VP3_Alvarez,0.4085955309489213,0.3,uniref100,238,Coxsackievirus B3,fitness,0.0044268170743916,17466,0.0053246307110958,238,2.867906909006581
CVB3_VP3_Alvarez,0.352158212110696,0.1,uniref100,238,Coxsackievirus B3,fitness,0.0088152107769816,60373,0.0016232421777947,238,8.150018237021712
CVB3_VP3_Alvarez,0.3871160358260245,0.05,uniref100,238,Coxsackievirus B3,fitness,0.0085083204876449,65166,0.0014271245741644,238,7.575961515349018
CVB3_VP3_Alvarez,0.3752468517964745,0.04,uniref100,238,Coxsackievirus B3,fitness,0.0063751006080813,62358,0.0014913884345232,238,4.559778030061258
CVB3_VP3_Alvarez,0.3667286782019698,0.03,uniref100,238,Coxsackievirus B3,fitness,0.0063751006080813,80999,0.0011481623229916,238,4.559778030061259
CVB3_VP3_Alvarez,0.4314902149409816,0.5,uniref90,238,Coxsackievirus B3,fitness,0.0037650757334312,1194,0.0050251256281407,238,2.45
CVB3_VP3_Alvarez,0.3940411926638522,0.3,uniref90,238,Coxsackievirus B3,fitness,0.0027335612022737,2933,0.0020456870098874,238,1.9166666666666663
CVB3_VP3_Alvarez,0.3427107027303209,0.1,uniref90,238,Coxsackievirus B3,fitness,0.0070071715149498,9363,0.001495247249813,238,5.3
CVB3_VP3_Alvarez,0.3511115959926449,0.05,uniref90,238,Coxsackievirus B3,fitness,0.0055535959663122,9787,0.0007152344947379,238,3.75
CVB3_VP3_Alvarez,0.3325607901234787,0.04,uniref90,238,Coxsackievirus B3,fitness,0.0087371493347892,9446,0.0019055684946008,238,7.999999999999999
CVB3_VP3_Alvarez,0.3310881889510161,0.03,uniref90,238,Coxsackievirus B3,fitness,0.0087371493347892,9821,0.0018328072497708,238,7.999999999999998
CVB3_VP3_Alvarez,0.4408900520981145,0.5,uniref_bfd_mgnify,238,Coxsackievirus B3,fitness,0.006769357687845,11254,0.0084414430424737,238,5.008353055958215
DENV_POLG_Suphatrakul,0.3433574993116483,0.5,uniref100,900,Dengue virus,fitness,0.0050171044147724,10811,0.2035889371935991,900,91.41357343569736
DENV_POLG_Suphatrakul,0.347456240792491,0.3,uniref100,900,Dengue virus,fitness,0.0050172332956365,10921,0.2015383206666056,900,91.42417736497164
DENV_POLG_Suphatrakul,0.4459037993223049,0.1,uniref100,900,Dengue virus,fitness,0.0049754275337063,11691,0.1883500128303823,900,88.04823420960608
DENV_POLG_Suphatrakul,0.4506655599426013,0.05,uniref100,900,Dengue virus,fitness,0.0050030264246213,11738,0.1875106491736241,900,90.26265257822836
DENV_POLG_Suphatrakul,0.444979077699671,0.04,uniref100,900,Dengue virus,fitness,0.0050032772740408,11809,0.1863832669997459,900,90.28303297932511
DENV_POLG_Suphatrakul,0.4403702614443795,0.03,uniref100,900,Dengue virus,fitness,0.0050135220419021,11692,0.1882483749572357,900,91.11931829492474
DENV_POLG_Suphatrakul,0.4578899148434476,0.5,uniref90,900,Dengue virus,fitness,0.0031883566249066,1295,0.0316602316602316,900,17.628571428571433
DENV_POLG_Suphatrakul,0.4616669737896926,0.3,uniref90,900,Dengue virus,fitness,0.0031883566249066,1303,0.0314658480429777,900,17.628571428571433
DENV_POLG_Suphatrakul,0.5156574242413263,0.1,uniref90,900,Dengue virus,fitness,0.0031234693180466,1420,0.028169014084507,900,16.628571428571433
DENV_POLG_Suphatrakul,0.446230419134633,0.05,uniref90,900,Dengue virus,fitness,0.0031234693180466,1517,0.02636783124588,900,16.628571428571433
DENV_POLG_Suphatrakul,0.510212897980462,0.04,uniref90,900,Dengue virus,fitness,0.0031234693180466,1483,0.0269723533378287,900,16.628571428571433
DENV_POLG_Suphatrakul,0.509771310399401,0.03,uniref90,900,Dengue virus,fitness,0.0031234693180466,1457,0.0274536719286204,900,16.628571428571433
DENV_POLG_Suphatrakul,0.3384130814001287,0.5,uniref_bfd_mgnify,900,Dengue virus,fitness,0.005017152080069,10929,0.2019397932107237,900,91.41749504939688
DENV_POLG_Suphatrakul,0.4590942638652764,0.3,uniref_bfd_mgnify,900,Dengue virus,fitness,0.005017152080069,11052,0.1996923633731451,900,91.41749504939683
DENV_POLG_Suphatrakul,0.450390509373779,0.1,uniref_bfd_mgnify,900,Dengue virus,fitness,0.0049770872087174,11821,0.1867862278995009,900,88.17985079214924
BP434_RPC1_Tsuboyama,0.5527121155171922,0.5,uniref100,61,Enterobacteria phage 434,stability,0.0499102038971053,918385,6.315434158876724e-05,61,21.00000000000003
BP434_RPC1_Tsuboyama,0.5601650413610217,0.5,uniref90,61,Enterobacteria phage 434,stability,0.0263842280726901,467847,1.0687254593916386e-05,61,5.0
BP434_RPC1_Tsuboyama,0.5855807207412946,0.3,uniref90,61,Enterobacteria phage 434,stability,0.0263842280726901,818078,7.334263969939297e-06,61,5.0
EV_CAPSD_Bakhache,0.2469871765316524,0.5,uniref100,862,Enterovirus A species,fitness,0.0037854921252757,8541,0.1460016391523241,862,26.13026476239517
EV_CAPSD_Bakhache,0.2291315489768366,0.3,uniref100,862,Enterovirus A species,fitness,0.0037180457892857,10797,0.1154950449198851,862,24.65440214046732
EV_CAPSD_Bakhache,0.2271883142103529,0.1,uniref100,862,Enterovirus A species,fitness,0.0037377188863093,13290,0.0938299473288186,862,25.0760618522112
EV_CAPSD_Bakhache,0.2284619037477581,0.05,uniref100,862,Enterovirus A species,fitness,0.0037742877587497,13286,0.0938581965979226,862,25.879109184572343
EV_CAPSD_Bakhache,0.2256161735830268,0.04,uniref100,862,Enterovirus A species,fitness,0.0037742877587497,13155,0.0947928544279741,862,25.87910918457236
EV_CAPSD_Bakhache,0.2292810270210848,0.03,uniref100,862,Enterovirus A species,fitness,0.0037731713169159,12865,0.096929654100272,862,25.8542158125057
EV_CAPSD_Bakhache,0.2457514169401232,0.5,uniref90,862,Enterovirus A species,fitness,0.0016082301173084,832,0.0072115384615384,862,4.0
EV_CAPSD_Bakhache,0.2366436716212707,0.3,uniref90,862,Enterovirus A species,fitness,0.0016082301173084,1147,0.005231037489102,862,4.0
EV_CAPSD_Bakhache,0.2286528088418729,0.1,uniref90,862,Enterovirus A species,fitness,0.0016082301173084,2408,0.0024916943521594,862,4.0
EV_CAPSD_Bakhache,0.2196577929323886,0.05,uniref90,862,Enterovirus A species,fitness,0.0018670973462112,2403,0.0029130253849354,862,5.0
EV_CAPSD_Bakhache,0.2232651100338256,0.04,uniref90,862,Enterovirus A species,fitness,0.0018670973462112,2347,0.0029825308904985,862,5.0
EV_CAPSD_Bakhache,0.2210462760797155,0.03,uniref90,862,Enterovirus A species,fitness,0.0018670973462112,2120,0.0033018867924528,862,5.0
EV_CAPSD_Bakhache,0.251197315858425,0.5,uniref_bfd_mgnify,862,Enterovirus A species,fitness,0.0037906812074778,8718,0.1459050240880936,862,26.247406938052183
EV_CAPSD_Bakhache,0.2363143043265898,0.3,uniref_bfd_mgnify,862,Enterovirus A species,fitness,0.0037155909398969,11042,0.115196522369136,862,24.602286608686608
EV_REP_Bakhache,0.3699705087293424,0.5,uniref100,1331,Enterovirus A species,fitness,0.0043551639788202,9519,0.2796512238680533,1331,329.2190240322967
EV_REP_Bakhache,0.3801364365619805,0.3,uniref100,1331,Enterovirus A species,fitness,0.0043502868459905,12250,0.2173061224489796,1331,327.0888321687738
EV_REP_Bakhache,0.3791708434596985,0.1,uniref100,1331,Enterovirus A species,fitness,0.0043899845868564,19030,0.1400945874934314,1331,344.836187388726
EV_REP_Bakhache,0.3837964255171405,0.05,uniref100,1331,Enterovirus A species,fitness,0.0043796688018481,19164,0.1390106449592986,1331,340.13383593525
EV_REP_Bakhache,0.383970653748697,0.04,uniref100,1331,Enterovirus A species,fitness,0.0043793163872743,19189,0.138829537756006,1331,339.9743288788446
EV_REP_Bakhache,0.3841548163754492,0.03,uniref100,1331,Enterovirus A species,fitness,0.0042687813941868,19117,0.1392477899251974,1331,293.4619638066655
EV_REP_Bakhache,0.3899186989928068,0.5,uniref90,1331,Enterovirus A species,fitness,0.0021286351195012,921,0.020629750271444,1331,17.0
EV_REP_Bakhache,0.3875802362082466,0.3,uniref90,1331,Enterovirus A species,fitness,0.0021715790818153,2377,0.0084139671855279,1331,18.0
EV_REP_Bakhache,0.3825690271383375,0.05,uniref90,1331,Enterovirus A species,fitness,0.0021715790818153,2966,0.0067430883344571,1331,18.0
EV_REP_Bakhache,0.3831904632158809,0.04,uniref90,1331,Enterovirus A species,fitness,0.0021715790818153,2964,0.0067476383265856,1331,18.0
EV_REP_Bakhache,0.3851925130234745,0.03,uniref90,1331,Enterovirus A species,fitness,0.0021715790818153,2978,0.0067159167226326,1331,18.0
EV_REP_Bakhache,0.370345130247101,0.5,uniref_bfd_mgnify,1331,Enterovirus A species,fitness,0.0043567922266351,9610,0.277627471383975,1331,329.9332804785949
BPT7_RPOL_Tsuboyama,0.341773597675497,0.5,uniref100,56,Escherichia phage,stability,0.0443733330319285,193,0.1191709844559585,56,12.0
BPT7_RPOL_Tsuboyama,0.168115843876118,0.3,uniref100,56,Escherichia phage,stability,0.0411175909463222,5930,0.0038785834738617,56,10.0
BPT7_RPOL_Tsuboyama,0.0723197589302453,0.1,uniref100,56,Escherichia phage,stability,0.0411175909463222,57607,0.0003992570347353,56,10.0
BPT7_RPOL_Tsuboyama,0.0377510533343479,0.05,uniref100,56,Escherichia phage,stability,0.042819558442828,257742,8.923652334505048e-05,56,11.0
BPT7_RPOL_Tsuboyama,0.0048957536176969,0.04,uniref100,56,Escherichia phage,stability,0.042819558442828,281246,8.177894085604774e-05,56,11.0
BPT7_RPOL_Tsuboyama,0.0185201364922248,0.03,uniref100,56,Escherichia phage,stability,0.042819558442828,260657,8.823856639184829e-05,56,11.0
BPT7_RPOL_Tsuboyama,0.3657432041593124,0.5,uniref90,56,Escherichia phage,stability,0.0196180765833591,90,0.0666666666666666,56,3.0
BPT7_RPOL_Tsuboyama,0.2082046247819133,0.3,uniref90,56,Escherichia phage,stability,0.0196180765833591,3548,0.0016910935738444,56,3.0
BPT7_RPOL_Tsuboyama,0.1335075431663471,0.1,uniref90,56,Escherichia phage,stability,0.0196180765833591,9765,0.0006144393241167,56,3.0
BPT7_RPOL_Tsuboyama,0.1071292847040009,0.05,uniref90,56,Escherichia phage,stability,0.0196180765833591,38079,0.0001575671630032,56,3.0
BPT7_RPOL_Tsuboyama,0.0401450694760084,0.04,uniref90,56,Escherichia phage,stability,0.0247552564485694,92097,7.60068188974668e-05,56,4.0
BPT7_RPOL_Tsuboyama,0.0856033368045004,0.03,uniref90,56,Escherichia phage,stability,0.0196180765833591,35039,0.0001712377636348,56,3.0
BPT7_RPOL_Tsuboyama,0.3628324232356027,0.5,uniref_bfd_mgnify,56,Escherichia phage,stability,0.0443733330319285,14837,0.0022915683763564,56,11.999999999999996
LAMBDA_HCP_Tsuboyama,0.3250974094694026,0.5,uniref100,55,Escherichia phage lambda,stability,0.0844434708934795,2307,0.0641525791070654,55,103.99999999999996
LAMBDA_HCP_Tsuboyama,0.2422219916033486,0.3,uniref100,55,Escherichia phage lambda,stability,0.0897177078751034,19575,0.0132822477650063,55,138.99999999999997
LAMBDA_HCP_Tsuboyama,0.1986348158383656,0.1,uniref100,55,Escherichia phage lambda,stability,0.0873458371769683,178557,0.0016073298722536,55,122.00000000000004
LAMBDA_HCP_Tsuboyama,0.2069863192498769,0.05,uniref100,55,Escherichia phage lambda,stability,0.0890516327263802,232982,0.0012275626443244,55,134.0
LAMBDA_HCP_Tsuboyama,0.2259361015820177,0.04,uniref100,55,Escherichia phage lambda,stability,0.0890516327263802,229540,0.0012459702012721,55,134.00000000000003
LAMBDA_HCP_Tsuboyama,0.4354239376637819,0.5,uniref90,55,Escherichia phage lambda,stability,0.0252053520203616,1025,0.0068292682926829,55,4.0
LAMBDA_HCP_Tsuboyama,0.3327263560622189,0.3,uniref90,55,Escherichia phage lambda,stability,0.0515129698919312,7405,0.0031060094530722,55,17.0
LAMBDA_HCP_Tsuboyama,0.2541608527603364,0.1,uniref90,55,Escherichia phage lambda,stability,0.0525522137799302,75453,0.0003578386545266,55,18.0
LAMBDA_HCP_Tsuboyama,0.2534295528587676,0.05,uniref90,55,Escherichia phage lambda,stability,0.0515129698919312,101218,0.0002568713074749,55,17.0
LAMBDA_HCP_Tsuboyama,0.2562061702794125,0.04,uniref90,55,Escherichia phage lambda,stability,0.0515129698919312,108479,0.0002396777256427,55,17.0
LAMBDA_HCP_Tsuboyama,0.2797524911673176,0.03,uniref90,55,Escherichia phage lambda,stability,0.0515129698919312,100913,0.0002576476767116,55,17.0
LAMBDA_HCP_Tsuboyama,0.2572902459141898,0.5,uniref_bfd_mgnify,55,Escherichia phage lambda,stability,0.0901059465018411,5457,0.045629466739967,55,142.00000000000006
HIV1_HV1B9_ENV_DuenasDecamp,0.3916052948647971,0.5,uniref100,853,HIV-1,fitness,0.0021005386509121,93737,8.534516786327705e-05,853,6.0
HIV1_HV1B9_ENV_DuenasDecamp,0.3752753589088621,0.3,uniref100,853,HIV-1,fitness,0.0021005386509121,93729,8.535245228264465e-05,853,6.0
HIV1_HV1B9_ENV_DuenasDecamp,0.4097727287142645,0.1,uniref100,853,HIV-1,fitness,0.0021005386509121,93717,8.536338124353105e-05,853,6.0
HIV1_HV1B9_ENV_DuenasDecamp,0.4030574766075597,0.05,uniref100,853,HIV-1,fitness,0.0021005386509121,93698,8.538069115669492e-05,853,6.0
HIV1_HV1B9_ENV_DuenasDecamp,0.3879233361057361,0.04,uniref100,853,HIV-1,fitness,0.0021005386509121,93735,8.534698885154959e-05,853,6.0
HIV1_HV1B9_ENV_DuenasDecamp,0.384928334749326,0.03,uniref100,853,HIV-1,fitness,0.0021005386509121,93730,8.535154166222128e-05,853,6.0
HIV1_HV1B9_ENV_DuenasDecamp,0.3740948144729011,0.5,uniref90,853,HIV-1,fitness,0.0,22871,8.744698526518299e-05,853,1.0
HIV1_HV1B9_ENV_DuenasDecamp,0.3805118733496107,0.3,uniref90,853,HIV-1,fitness,0.0,22868,8.745845723281441e-05,853,1.0
HIV1_HV1B9_ENV_DuenasDecamp,0.39940702626882,0.1,uniref90,853,HIV-1,fitness,0.0,22874,8.74355163067238e-05,853,1.0
HIV1_HV1B9_ENV_DuenasDecamp,0.3793063857417272,0.05,uniref90,853,HIV-1,fitness,0.0,22874,8.74355163067238e-05,853,1.0
HIV1_HV1B9_ENV_DuenasDecamp,0.3846545112351566,0.04,uniref90,853,HIV-1,fitness,0.0,22873,8.743933895859748e-05,853,1.0
HIV1_HV1B9_ENV_DuenasDecamp,0.3758816800423122,0.03,uniref90,853,HIV-1,fitness,0.0,22872,8.744316194473592e-05,853,1.0
HIV1_HV1B9_ENV_DuenasDecamp,0.3813541215940687,0.5,uniref_bfd_mgnify,853,HIV-1,fitness,0.0021005386509121,94200,8.492569002123143e-05,853,6.0
HIV1_BF520_ENV_Haddox,0.3947536450640686,0.5,uniref100,852,HIV,fitness,0.0041702792405573,93624,0.0005874562078099,852,34.920634920634924
HIV1_BF520_ENV_Haddox,0.3991682116835302,0.3,uniref100,852,HIV,fitness,0.0041702792405573,93627,0.0005874373845151,852,34.920634920634924
HIV1_BF520_ENV_Haddox,0.4008055026369598,0.1,uniref100,852,HIV,fitness,0.0041741939596337,93630,0.0005874185624265,852,35.037301587301585
HIV1_BF520_ENV_Haddox,0.3925509304958862,0.05,uniref100,852,HIV,fitness,0.0041924752080288,93628,0.0005874311103516,852,35.58730158730158
HIV1_BF520_ENV_Haddox,0.3927129153083775,0.04,uniref100,852,HIV,fitness,0.0041924752080288,93620,0.0005874813074129,852,35.58730158730158
HIV1_BF520_ENV_Haddox,0.3977020463910698,0.03,uniref100,852,HIV,fitness,0.0041924752080288,93621,0.0005874750323111,852,35.58730158730159
HIV1_BF520_ENV_Haddox,0.4053515190463188,0.5,uniref90,852,HIV,fitness,0.0033988547396783,22858,0.001181205704786,852,18.09841269841269
HIV1_BF520_ENV_Haddox,0.4119378795148474,0.3,uniref90,852,HIV,fitness,0.0033988547396783,22859,0.0011811540312349,852,18.09841269841269
HIV1_BF520_ENV_Haddox,0.407655215880488,0.1,uniref90,852,HIV,fitness,0.0033988547396783,22856,0.0011813090654532,852,18.09841269841269
HIV1_BF520_ENV_Haddox,0.4051616107938193,0.05,uniref90,852,HIV,fitness,0.0033988547396783,22856,0.0011813090654532,852,18.09841269841269
HIV1_BF520_ENV_Haddox,0.4086782654459009,0.04,uniref90,852,HIV,fitness,0.0033988547396783,22857,0.0011812573828586,852,18.09841269841269
HIV1_BF520_ENV_Haddox,0.4082513203242971,0.03,uniref90,852,HIV,fitness,0.0033988547396783,22858,0.001181205704786,852,18.09841269841269
HIV1_BF520_ENV_Haddox,0.404138488800918,0.5,uniref_bfd_mgnify,852,HIV,fitness,0.0041702792405573,94083,0.0005845902022682,852,34.920634920634924
HIV1_BG505_ENV_Haddox,0.354071777140617,0.5,uniref100,860,HIV,fitness,0.0026116450482623,93599,0.0004487227427643,860,9.449999999999996
HIV1_BG505_ENV_Haddox,0.3602693625606918,0.3,uniref100,860,HIV,fitness,0.0024815888853128,93599,0.0004487227427643,860,8.450000000000012
HIV1_BG505_ENV_Haddox,0.3620469769314123,0.1,uniref100,860,HIV,fitness,0.0024815888853128,93597,0.0004487323311644,860,8.450000000000012
HIV1_BG505_ENV_Haddox,0.3724888556184611,0.05,uniref100,860,HIV,fitness,0.0024815888853128,93601,0.0004487131547739,860,8.450000000000012
HIV1_BG505_ENV_Haddox,0.3711638180226707,0.04,uniref100,860,HIV,fitness,0.0024815888853128,93597,0.0004487323311644,860,8.450000000000012
HIV1_BG505_ENV_Haddox,0.3653741223365225,0.03,uniref100,860,HIV,fitness,0.0024815888853128,93602,0.0004487083609324,860,8.450000000000012
HIV1_BG505_ENV_Haddox,0.3836936593685071,0.5,uniref90,860,HIV,fitness,0.0020834412432884,22838,0.0003940800420352,860,6.0
HIV1_BG505_ENV_Haddox,0.3852968804544009,0.3,uniref90,860,HIV,fitness,0.0020834412432884,22836,0.0003941145559642,860,6.0
HIV1_BG505_ENV_Haddox,0.3882143894618828,0.1,uniref90,860,HIV,fitness,0.0020834412432884,22836,0.0003941145559642,860,6.0
HIV1_BG505_ENV_Haddox,0.3826692923684511,0.05,uniref90,860,HIV,fitness,0.0020834412432884,22838,0.0003940800420352,860,6.0
HIV1_BG505_ENV_Haddox,0.390405522150357,0.04,uniref90,860,HIV,fitness,0.0020834412432884,22840,0.0003940455341506,860,6.0
HIV1_BG505_ENV_Haddox,0.3823308963196767,0.03,uniref90,860,HIV,fitness,0.0020834412432884,22841,0.0003940282824744,860,6.0
HIV1_BG505_ENV_Haddox,0.3613912451215808,0.5,uniref_bfd_mgnify,860,HIV,fitness,0.0024815888853128,94058,0.0004465329902825,860,8.450000000000012
IAV_H1_NP_Doud,0.3063179048295451,0.5,uniref100,498,IAV,fitness,0.0143736611066429,17696,0.8598553345388789,498,1284.4465846107144
IAV_H1_NP_Doud,0.2735248385792063,0.3,uniref100,498,IAV,fitness,0.0143739230991711,17698,0.8597581647643802,498,1284.6141802169975
IAV_H1_NP_Doud,0.2746927501058012,0.1,uniref100,498,IAV,fitness,0.0143870189469198,17831,0.8533452975155628,498,1293.0194685815345
IAV_H1_NP_Doud,0.2660996701647962,0.05,uniref100,498,IAV,fitness,0.0143872119798058,17972,0.8466503449810817,498,1293.143773005394
IAV_H1_NP_Doud,0.2641368409409838,0.04,uniref100,498,IAV,fitness,0.0143885263180917,17987,0.8459442931005726,498,1293.990465000531
IAV_H1_NP_Doud,0.2900536855816867,0.03,uniref100,498,IAV,fitness,0.0143808508618434,18038,0.8431644306464131,498,1289.0537862697877
IAV_H1_NP_Doud,0.1912558842793448,0.5,uniref90,498,IAV,fitness,0.0049897723891325,117,0.1196581196581196,498,12.0
IAV_H1_NP_Doud,0.1735433693590388,0.3,uniref90,498,IAV,fitness,0.0052993119068579,122,0.1311475409836065,498,14.0
IAV_H1_NP_Doud,0.1776306408860834,0.1,uniref90,498,IAV,fitness,0.0054378518094421,123,0.1382113821138211,498,15.0
IAV_H1_NP_Doud,0.2386768743865004,0.05,uniref90,498,IAV,fitness,0.0027837236167066,211,0.0236966824644549,498,4.0
IAV_H1_NP_Doud,0.2308073001677577,0.04,uniref90,498,IAV,fitness,0.0027837236167066,212,0.0235849056603773,498,4.0
IAV_H1_NP_Doud,0.1601541540667732,0.03,uniref90,498,IAV,fitness,0.0054378518094421,1501,0.011325782811459,498,15.0
IAV_H1_NP_Doud,0.2972425014331197,0.5,uniref_bfd_mgnify,498,IAV,fitness,0.0143326807140634,19072,0.8318477348993288,498,1258.4989693244536
IAV_H1_NP_Doud,0.2902378189555673,0.3,uniref_bfd_mgnify,498,IAV,fitness,0.0143329466844326,19073,0.8318041210087558,498,1258.6656726352994
IAV_H1_NP_Doud,0.2879902366846115,0.1,uniref_bfd_mgnify,498,IAV,fitness,0.0143321458302788,19209,0.8259149357072205,498,1258.1637849239166
IAV_H1_NP_Doud,0.2702155056204568,0.05,uniref_bfd_mgnify,498,IAV,fitness,0.0143442857430023,19356,0.8196424881173796,498,1265.7932756755804
IAV_H1_HA_Wu,0.507252860567029,0.5,uniref100,565,IAV,fitness,0.0056155236552102,72123,0.0010537553900974,565,23.873543163944102
IAV_H1_HA_Wu,0.5093415541396333,0.3,uniref100,565,IAV,fitness,0.0056155236552102,72444,0.0010490861907128,565,23.87354316394411
IAV_H1_HA_Wu,0.508586813871317,0.1,uniref100,565,IAV,fitness,0.0056155236552102,72443,0.0010491006722526,565,23.87354316394411
IAV_H1_HA_Wu,0.5085957548300002,0.05,uniref100,565,IAV,fitness,0.0056155236552102,72444,0.0010490861907128,565,23.87354316394411
IAV_H1_HA_Wu,0.5079103654789786,0.04,uniref100,565,IAV,fitness,0.0056155236552102,72440,0.0010491441192711,565,23.87354316394412
IAV_H1_HA_Wu,0.3784761674883586,0.5,uniref90,565,IAV,fitness,0.0028485626768745,1551,0.0032237266279819,565,5.0
IAV_H1_HA_Wu,0.3773799194088222,0.3,uniref90,565,IAV,fitness,0.0028485626768745,1558,0.0032092426187419,565,5.0
IAV_H1_HA_Wu,0.3797091277288931,0.1,uniref90,565,IAV,fitness,0.0028485626768745,1558,0.0032092426187419,565,5.0
IAV_H1_HA_Wu,0.3793234150987083,0.05,uniref90,565,IAV,fitness,0.0028485626768745,1558,0.0032092426187419,565,5.0
IAV_H1_HA_Wu,0.3781542370244843,0.04,uniref90,565,IAV,fitness,0.0028485626768745,1556,0.0032133676092544,565,5.0
IAV_H1_HA_Wu,0.5088318834353224,0.5,uniref_bfd_mgnify,565,IAV,fitness,0.0056144936758147,81084,0.000937299590548,565,23.859654275055217
IAV_H1_HA_Wu,0.508557582142504,0.3,uniref_bfd_mgnify,565,IAV,fitness,0.0056144936758147,81406,0.000933592118517,565,23.85965427505522
IAV_H1_HA_Wu,0.5096761821636732,0.1,uniref_bfd_mgnify,565,IAV,fitness,0.0056144936758147,81406,0.000933592118517,565,23.85965427505522
IAV_H1_HA_Wu,0.5088785435103376,0.05,uniref_bfd_mgnify,565,IAV,fitness,0.0056144936758147,81404,0.0009336150557712,565,23.859654275055217
IAV_NA_Jiang,0.5715230851885321,0.5,uniref100,453,IAV,binding,0.0080790131703145,48586,0.0023875190384061,453,38.85329809079808
IAV_NA_Jiang,0.5721465909710952,0.3,uniref100,453,IAV,binding,0.0080790131703145,48586,0.0023875190384061,453,38.85329809079809
IAV_NA_Jiang,0.5688966521030013,0.1,uniref100,453,IAV,binding,0.0080790131703145,48588,0.0023874207623281,453,38.85329809079808
IAV_NA_Jiang,0.5709095554984902,0.05,uniref100,453,IAV,binding,0.0080790131703145,48587,0.0023874698993557,453,38.85329809079808
IAV_NA_Jiang,0.5717525353165154,0.04,uniref100,453,IAV,binding,0.0078268677795197,48587,0.0019346738839607,453,34.65947385947386
IAV_NA_Jiang,0.5810792672475316,0.03,uniref100,453,IAV,binding,0.0066214360006906,48770,0.0010457248308386,453,20.075707625707626
IAV_NA_Jiang,0.4358332815453657,0.5,uniref90,453,IAV,binding,0.0024251926902165,487,0.0082135523613963,453,3.0
IAV_NA_Jiang,0.4408667600807016,0.3,uniref90,453,IAV,binding,0.0024251926902165,487,0.0082135523613963,453,3.0
IAV_NA_Jiang,0.4432087122370215,0.1,uniref90,453,IAV,binding,0.0024251926902165,488,0.0081967213114754,453,3.0
IAV_NA_Jiang,0.4377557788212442,0.05,uniref90,453,IAV,binding,0.0024251926902165,488,0.0081967213114754,453,3.0
IAV_NA_Jiang,0.4386767775587801,0.04,uniref90,453,IAV,binding,0.0024251926902165,487,0.0082135523613963,453,3.0
IAV_NA_Jiang,0.4757349341017366,0.03,uniref90,453,IAV,binding,0.0035528430738059,835,0.0071856287425149,453,5.0
IAV_NA_Jiang,0.5753706826903846,0.5,uniref_bfd_mgnify,453,IAV,binding,0.0081412461300819,52641,0.0022795919530404,453,39.964217726717735
IAV_NA_Jiang,0.5739549844699033,0.3,uniref_bfd_mgnify,453,IAV,binding,0.0081412461300819,52640,0.0022796352583586,453,39.96421772671773
IAV_NA_Jiang,0.571675900787604,0.1,uniref_bfd_mgnify,453,IAV,binding,0.0081412461300819,52644,0.0022794620469569,453,39.964217726717735
IAV_NA_Jiang,0.572350193950274,0.05,uniref_bfd_mgnify,453,IAV,binding,0.0081412461300819,52644,0.0022794620469569,453,39.96421772671773
IAV_RDRP_Li,0.3743201641561039,0.5,uniref100,757,IAV,fitness,0.0096265158576141,26894,0.9058526065293374,757,1461.57880571149
IAV_RDRP_Li,0.3272472561927357,0.3,uniref100,757,IAV,fitness,0.0096228736044429,27082,0.8993427368731999,757,1457.554512012966
IAV_RDRP_Li,0.3301554455629955,0.1,uniref100,757,IAV,fitness,0.0096231408822154,27080,0.8994830132939439,757,1457.8494477950169
IAV_RDRP_Li,0.3320448194095064,0.05,uniref100,757,IAV,fitness,0.0096197864433052,28246,0.8622105784889896,757,1454.1522119430383
IAV_RDRP_Li,0.3303519855819509,0.04,uniref100,757,IAV,fitness,0.0096175154154451,28259,0.8617785484270498,757,1451.6544275329586
IAV_RDRP_Li,0.3280048837556394,0.03,uniref100,757,IAV,fitness,0.009617127153919,28328,0.8596441683140356,757,1451.2278287042177
IAV_RDRP_Li,0.1912687408884794,0.5,uniref90,757,IAV,fitness,0.0043039584386016,341,0.0879765395894428,757,26.0
IAV_RDRP_Li,0.2503368943486473,0.3,uniref90,757,IAV,fitness,0.0027469505174106,417,0.0239808153477218,757,8.0
IAV_RDRP_Li,0.2465478519874519,0.1,uniref90,757,IAV,fitness,0.0027469505174106,419,0.0238663484486873,757,8.0
IAV_RDRP_Li,0.2140554324586846,0.05,uniref90,757,IAV,fitness,0.0046189003453982,879,0.0398179749715585,757,33.0
IAV_RDRP_Li,0.2155554496819554,0.04,uniref90,757,IAV,fitness,0.0046583362280266,897,0.040133779264214,757,34.0
IAV_RDRP_Li,0.1739167732083021,0.03,uniref90,757,IAV,fitness,0.0046583362280266,973,0.0369989722507708,757,34.0
IAV_RDRP_Li,0.3613190541166882,0.5,uniref_bfd_mgnify,757,IAV,fitness,0.009658250005557,28091,0.8956961304332348,757,1497.1150784941954
IAV_RDRP_Li,0.3250524088194799,0.3,uniref_bfd_mgnify,757,IAV,fitness,0.009654564457963,28283,0.8894388855496235,757,1492.9440092781736
IAV_RDRP_Li,0.324161277656352,0.1,uniref_bfd_mgnify,757,IAV,fitness,0.0096534779145706,28283,0.8894388855496235,757,1491.7165477735714
IAV_H1_HA_Doud,0.4749745770844019,0.5,uniref100,565,IAV,fitness,0.0056155236552102,72123,0.0010537553900974,565,23.873543163944102
IAV_H1_HA_Doud,0.4759402314008805,0.3,uniref100,565,IAV,fitness,0.0056155236552102,72444,0.0010490861907128,565,23.87354316394411
IAV_H1_HA_Doud,0.4760356845569803,0.1,uniref100,565,IAV,fitness,0.0056155236552102,72443,0.0010491006722526,565,23.87354316394411
IAV_H1_HA_Doud,0.4752129559251606,0.05,uniref100,565,IAV,fitness,0.0056155236552102,72444,0.0010490861907128,565,23.87354316394411
IAV_H1_HA_Doud,0.4749154643450897,0.04,uniref100,565,IAV,fitness,0.0056155236552102,72440,0.0010491441192711,565,23.87354316394412
IAV_H1_HA_Doud,0.3889753909209409,0.5,uniref90,565,IAV,fitness,0.0028485626768745,1551,0.0032237266279819,565,5.0
IAV_H1_HA_Doud,0.3864679159274754,0.3,uniref90,565,IAV,fitness,0.0028485626768745,1558,0.0032092426187419,565,5.0
IAV_H1_HA_Doud,0.3882997072999988,0.1,uniref90,565,IAV,fitness,0.0028485626768745,1558,0.0032092426187419,565,5.0
IAV_H1_HA_Doud,0.3865028644054779,0.05,uniref90,565,IAV,fitness,0.0028485626768745,1558,0.0032092426187419,565,5.0
IAV_H1_HA_Doud,0.3841056013961453,0.04,uniref90,565,IAV,fitness,0.0028485626768745,1556,0.0032133676092544,565,5.0
IAV_H1_HA_Doud,0.4776606450993535,0.5,uniref_bfd_mgnify,565,IAV,fitness,0.0056144936758147,81084,0.000937299590548,565,23.859654275055217
IAV_H1_HA_Doud,0.4773299789866171,0.3,uniref_bfd_mgnify,565,IAV,fitness,0.0056144936758147,81406,0.000933592118517,565,23.85965427505522
IAV_H1_HA_Doud,0.4784908718612635,0.1,uniref_bfd_mgnify,565,IAV,fitness,0.0056144936758147,81406,0.000933592118517,565,23.85965427505522
IAV_H1_HA_Doud,0.4767265460001078,0.05,uniref_bfd_mgnify,565,IAV,fitness,0.0056144936758147,81404,0.0009336150557712,565,23.859654275055217
IAV_H3_HA_Lee,0.3795011840498859,0.5,uniref100,566,IAV,fitness,0.01153406592085,72624,0.158583939193655,566,684.2212369791457
IAV_H3_HA_Lee,0.3774100296818365,0.3,uniref100,566,IAV,fitness,0.0115336617510889,72920,0.1579402084476138,566,684.0647323726412
IAV_H3_HA_Lee,0.377087771659821,0.1,uniref100,566,IAV,fitness,0.0115353249085926,72915,0.1580881848727971,566,684.7089779386802
IAV_H3_HA_Lee,0.3778830930232104,0.05,uniref100,566,IAV,fitness,0.0115470581631614,72921,0.1579654694806708,566,689.2712777829523
IAV_H3_HA_Lee,0.3782556370412571,0.04,uniref100,566,IAV,fitness,0.0115419180617756,72912,0.1579575378538512,566,687.2688968305715
IAV_H3_HA_Lee,0.2793609885044758,0.5,uniref90,566,IAV,fitness,0.0076247866502673,1528,0.0602094240837696,566,74.8607142857143
IAV_H3_HA_Lee,0.2737541333736235,0.3,uniref90,566,IAV,fitness,0.0076288941597463,1531,0.0600914435009797,566,75.0349567099567
IAV_H3_HA_Lee,0.2748956229854247,0.1,uniref90,566,IAV,fitness,0.0076288941597463,1533,0.0600130463144161,566,75.0349567099567
IAV_H3_HA_Lee,0.2773416764731842,0.05,uniref90,566,IAV,fitness,0.0076288941597463,1534,0.059973924380704,566,75.0349567099567
IAV_H3_HA_Lee,0.274503587883487,0.04,uniref90,566,IAV,fitness,0.0076713690431596,1532,0.0613577023498694,566,76.8607142857143
IAV_H3_HA_Lee,0.2801685159201692,0.03,uniref90,566,IAV,fitness,0.0067255521020677,17889,0.0026832131477444,566,45.0
IAV_H3_HA_Lee,0.3787590338182042,0.5,uniref_bfd_mgnify,566,IAV,fitness,0.0115699178703255,81550,0.1459963212752912,566,698.2474233079066
IAV_H3_HA_Lee,0.3776993176541586,0.3,uniref_bfd_mgnify,566,IAV,fitness,0.0115700621504626,81851,0.1454594323832329,566,698.3044463066278
IAV_H3_HA_Lee,0.375977401130259,0.1,uniref_bfd_mgnify,566,IAV,fitness,0.011568252688561,81854,0.145588486817993,566,697.5896401105803
IAV_H3_HA_Lee,0.3766935654451949,0.05,uniref_bfd_mgnify,566,IAV,fitness,0.0115791241549154,81852,0.1454820896251771,566,701.8953169007623
IAV_H3_NP_Doud,0.284154124423585,0.5,uniref100,498,IAV,fitness,0.0138946791953393,17696,0.7775203435804702,498,1011.8647951373508
IAV_H3_NP_Doud,0.265155802693731,0.3,uniref100,498,IAV,fitness,0.0138940194348998,17698,0.7773759746864053,498,1011.532390743634
IAV_H3_NP_Doud,0.2513737628373541,0.1,uniref100,498,IAV,fitness,0.0139042609597723,17830,0.7716208637128436,498,1016.704667360658
IAV_H3_NP_Doud,0.2431581611054166,0.05,uniref100,498,IAV,fitness,0.0139039676230071,17975,0.7653963838664812,498,1016.5561562529058
IAV_H3_NP_Doud,0.2426870834756702,0.04,uniref100,498,IAV,fitness,0.0139026159105803,17955,0.76624895572264,498,1015.8720889083648
IAV_H3_NP_Doud,0.2538636427151393,0.03,uniref100,498,IAV,fitness,0.0139157767444856,25441,0.5580755473448371,498,1022.5520781069288
IAV_H3_NP_Doud,0.2595597649825201,0.5,uniref90,498,IAV,fitness,0.0049897723891325,117,0.1196581196581196,498,12.0
IAV_H3_NP_Doud,0.2146421922375919,0.3,uniref90,498,IAV,fitness,0.0054378518094421,122,0.1393442622950819,498,15.0
IAV_H3_NP_Doud,0.2122821156353247,0.1,uniref90,498,IAV,fitness,0.0032318030370162,142,0.0422535211267605,498,5.0
IAV_H3_NP_Doud,0.2383317420692479,0.05,uniref90,498,IAV,fitness,0.0032318030370162,211,0.0284360189573459,498,5.0
IAV_H3_NP_Doud,0.2537823687311359,0.04,uniref90,498,IAV,fitness,0.0032318030370162,214,0.02803738317757,498,5.0
IAV_H3_NP_Doud,0.1704631097400622,0.03,uniref90,498,IAV,fitness,0.0049897723891325,356,0.0393258426966292,498,12.0
IAV_H3_NP_Doud,0.2674596384567711,0.5,uniref_bfd_mgnify,498,IAV,fitness,0.013862245768371,19072,0.751205956375839,498,995.652591126825
IAV_H3_NP_Doud,0.2527973514144983,0.3,uniref_bfd_mgnify,498,IAV,fitness,0.0138625819474627,19073,0.7511665705447491,498,995.8192944376708
IAV_H3_NP_Doud,0.2437880436996352,0.1,uniref_bfd_mgnify,498,IAV,fitness,0.0138716150908,19209,0.7458483002759123,498,1000.3090839929018
IAV_H5_HA_Dadonaite,0.3566898351065862,0.5,uniref100,567,IAV_h5_ha,fitness,0.0113642621037477,71695,0.0530301973638329,567,628.6260801879224
IAV_H5_HA_Dadonaite,0.3558635061455555,0.3,uniref100,567,IAV_h5_ha,fitness,0.0113620932855842,72330,0.0525784598368588,567,627.8535213011484
IAV_H5_HA_Dadonaite,0.3571340204511327,0.1,uniref100,567,IAV_h5_ha,fitness,0.0113744765058233,72331,0.0528127635453678,567,632.2773727509474
IAV_H5_HA_Dadonaite,0.3554709774571086,0.05,uniref100,567,IAV_h5_ha,fitness,0.0113622202554963,72330,0.0525784598368588,567,627.8987233213508
IAV_H5_HA_Dadonaite,0.3557116275461136,0.04,uniref100,567,IAV_h5_ha,fitness,0.0113641286578579,72308,0.0525944570448636,567,628.5785177370246
IAV_H5_HA_Dadonaite,0.3030596957654342,0.5,uniref90,567,IAV_h5_ha,fitness,0.0059985844473759,1537,0.0195185426154847,567,30.0
IAV_H5_HA_Dadonaite,0.302757457332284,0.3,uniref90,567,IAV_h5_ha,fitness,0.0059387933509461,1543,0.0194426441996111,567,29.0
IAV_H5_HA_Dadonaite,0.3050952920316203,0.1,uniref90,567,IAV_h5_ha,fitness,0.0059387933509461,1543,0.0194426441996111,567,29.0
IAV_H5_HA_Dadonaite,0.3037084015595946,0.05,uniref90,567,IAV_h5_ha,fitness,0.0059387933509461,1543,0.0194426441996111,567,29.0
IAV_H5_HA_Dadonaite,0.3111509073155962,0.04,uniref90,567,IAV_h5_ha,fitness,0.0059985844473759,1545,0.0194174757281553,567,30.0
IAV_H5_HA_Dadonaite,0.3548536849600587,0.5,uniref_bfd_mgnify,567,IAV_h5_ha,fitness,0.011389818386706,80329,0.05047990140547,567,637.8014482454091
IAV_H5_HA_Dadonaite,0.3553182900972407,0.3,uniref_bfd_mgnify,567,IAV_h5_ha,fitness,0.0113901630359585,81245,0.0499230721890577,567,637.9260971124781
IAV_H5_HA_Dadonaite,0.3558265480545933,0.1,uniref_bfd_mgnify,567,IAV_h5_ha,fitness,0.0113956241810076,81245,0.0499230721890577,567,639.9044770669917
IAV_H5_HA_Dadonaite,0.3541890993362013,0.05,uniref_bfd_mgnify,567,IAV_h5_ha,fitness,0.0113891715496298,81244,0.0499359952734971,567,637.567573230836
IAV_PA_Wu,0.4966275542043161,0.5,uniref100,716,IAV,fitness,0.0103415279458694,30053,0.8906265597444515,716,1643.4188396272748
IAV_PA_Wu,0.4882269577102283,0.3,uniref100,716,IAV,fitness,0.010339265726321,30198,0.8863169746340818,716,1640.7590679450402
IAV_PA_Wu,0.4832204367857158,0.1,uniref100,716,IAV,fitness,0.010342276632645,30290,0.8836909871244635,716,1644.3000464575232
IAV_PA_Wu,0.4891445646891957,0.05,uniref100,716,IAV,fitness,0.0103420687112933,30317,0.8828709964706271,716,1644.0552749545895
IAV_PA_Wu,0.4932235525484575,0.04,uniref100,716,IAV,fitness,0.0103434538641624,30316,0.8829331046312179,716,1645.6866075765497
IAV_PA_Wu,0.483714684454874,0.03,uniref100,716,IAV,fitness,0.0103427734866303,30316,0.8829331046312179,716,1644.8851060723985
IAV_PA_Wu,0.3281089052853888,0.5,uniref90,716,IAV,fitness,0.0052202089640829,275,0.16,716,42.0
IAV_PA_Wu,0.3324061953064991,0.3,uniref90,716,IAV,fitness,0.0052202089640829,276,0.1594202898550724,716,42.0
IAV_PA_Wu,0.2875164771308495,0.1,uniref90,716,IAV,fitness,0.0032159009678687,354,0.0282485875706214,716,10.0
IAV_PA_Wu,0.2901874976275427,0.05,uniref90,716,IAV,fitness,0.0032159009678687,354,0.0282485875706214,716,10.0
IAV_PA_Wu,0.2956835788419867,0.04,uniref90,716,IAV,fitness,0.0032159009678687,353,0.0283286118980169,716,10.0
IAV_PA_Wu,0.2883160065702859,0.03,uniref90,716,IAV,fitness,0.0032159009678687,353,0.0283286118980169,716,10.0
IAV_PA_Wu,0.4938933039493638,0.5,uniref_bfd_mgnify,716,IAV,fitness,0.0103528896885909,31017,0.8811619434503659,716,1656.8425918217524
IAV_PA_Wu,0.4845451906052559,0.3,uniref_bfd_mgnify,716,IAV,fitness,0.0103504658082625,31169,0.8768327504892682,716,1653.9696380195394
IAV_PA_Wu,0.4850739947223321,0.1,uniref_bfd_mgnify,716,IAV,fitness,0.0103532597410456,31270,0.8740645986568596,716,1657.2816429506158
IAV_PA_Wu,0.4836749735194121,0.05,uniref_bfd_mgnify,716,IAV,fitness,0.0103536938128462,31294,0.87339426088068,716,1657.796798526795
IAV_PA_Wu,0.4888487092626506,0.04,uniref_bfd_mgnify,716,IAV,fitness,0.0103534241765379,31292,0.8734500830883293,716,1657.4767758381772
IAV_PB2_Soh,0.242970207540918,0.5,uniref100,759,IAV,fitness,0.0099548549667576,29525,0.9135309060118544,759,1911.6746552968768
IAV_PB2_Soh,0.2280903794306535,0.3,uniref100,759,IAV,fitness,0.0099537859705081,29653,0.9095201160084982,759,1910.1242124370813
IAV_PB2_Soh,0.2634261459827148,0.1,uniref100,759,IAV,fitness,0.0099559332167544,29744,0.9067374932759548,759,1913.2397944199888
IAV_PB2_Soh,0.2554651428715678,0.05,uniref100,759,IAV,fitness,0.0099558422295431,29750,0.9065882352941176,759,1913.107671993931
IAV_PB2_Soh,0.2575950980211885,0.04,uniref100,759,IAV,fitness,0.0099565106412023,29748,0.9066828022051904,759,1914.078484527688
IAV_PB2_Soh,0.2630494218729488,0.03,uniref100,759,IAV,fitness,0.0099559076574455,29752,0.9065272922828718,759,1913.2026788550304
IAV_PB2_Soh,0.1935447365288047,0.5,uniref90,759,IAV,fitness,0.0052516222747269,263,0.247148288973384,759,53.83809523809525
IAV_PB2_Soh,0.1769289996224673,0.3,uniref90,759,IAV,fitness,0.0052269201993111,269,0.2379182156133829,759,52.83809523809525
IAV_PB2_Soh,0.1534249093905525,0.1,uniref90,759,IAV,fitness,0.0037328239052124,337,0.059347181008902,759,17.0
IAV_PB2_Soh,0.1530569334127656,0.05,uniref90,759,IAV,fitness,0.0037328239052124,338,0.0562130177514792,759,17.0
IAV_PB2_Soh,0.1574403883924699,0.04,uniref90,759,IAV,fitness,0.0037328239052124,338,0.0562130177514792,759,17.0
IAV_PB2_Soh,0.1514773123096615,0.03,uniref90,759,IAV,fitness,0.0038081314333282,335,0.0567164179104477,759,18.0
IAV_PB2_Soh,0.2431801429074203,0.5,uniref_bfd_mgnify,759,IAV,fitness,0.0099808700604954,30804,0.9014089079340344,759,1949.79667309986
IAV_PB2_Soh,0.2131963472273967,0.3,uniref_bfd_mgnify,759,IAV,fitness,0.0099807351595284,30936,0.8975303853116111,759,1949.59704396242
IAV_PB2_Soh,0.2679846280621643,0.1,uniref_bfd_mgnify,759,IAV,fitness,0.0099822641360444,31032,0.8947538025264243,759,1951.8608513396327
IAV_PB2_Soh,0.2586069711480564,0.05,uniref_bfd_mgnify,759,IAV,fitness,0.0099826342228271,31037,0.8946418790475884,759,1952.4091979983464
IAV_PB2_Soh,0.2612599830265113,0.04,uniref_bfd_mgnify,759,IAV,fitness,0.009982199951354,31036,0.8947029256347467,759,1951.7657664511607
LASSA_GP_Carr,0.3284844446230981,0.5,uniref100,491,Lassa,fitness,0.0114095988864788,1131,0.4924845269672855,491,270.99843697987683
LASSA_GP_Carr,0.3207774185249978,0.3,uniref100,491,Lassa,fitness,0.0114095988864788,1136,0.4903169014084507,491,270.99843697987683
LASSA_GP_Carr,0.3360731787139261,0.1,uniref100,491,Lassa,fitness,0.0114095988864788,1136,0.4903169014084507,491,270.99843697987683
LASSA_GP_Carr,0.3149979487589909,0.05,uniref100,491,Lassa,fitness,0.0114095988864788,1136,0.4903169014084507,491,270.99843697987683
LASSA_GP_Carr,0.3164669514810583,0.04,uniref100,491,Lassa,fitness,0.0114095988864788,1373,0.4056809905316824,491,270.9984369798767
LASSA_GP_Carr,0.329820220565367,0.03,uniref100,491,Lassa,fitness,0.0103452090661011,1082,0.3465804066543438,491,160.69331159824304
LASSA_GP_Carr,0.3355876156928406,0.5,uniref90,491,Lassa,fitness,0.0032778776220653,137,0.0437956204379562,491,5.0
LASSA_GP_Carr,0.3772106055193115,0.3,uniref90,491,Lassa,fitness,0.0032778776220653,137,0.0437956204379562,491,5.0
LASSA_GP_Carr,0.3424801757633305,0.1,uniref90,491,Lassa,fitness,0.0032778776220653,137,0.0437956204379562,491,5.0
LASSA_GP_Carr,0.356923707310749,0.05,uniref90,491,Lassa,fitness,0.0032778776220653,137,0.0437956204379562,491,5.0
LASSA_GP_Carr,0.2319178409106515,0.04,uniref90,491,Lassa,fitness,0.0067865672304993,296,0.0945945945945946,491,28.0
LASSA_GP_Carr,0.2290956224501787,0.03,uniref90,491,Lassa,fitness,0.007563283231577,253,0.1620553359683794,491,41.0
LASSA_GP_Carr,0.3166958163616161,0.5,uniref_bfd_mgnify,491,Lassa,fitness,0.0114472773383289,1105,0.5104072398190045,491,276.0586030637686
LASSA_GP_Carr,0.3182253266342473,0.3,uniref_bfd_mgnify,491,Lassa,fitness,0.0114472773383289,1114,0.5062836624775583,491,276.05860306376866
LASSA_GP_Carr,0.3137348705777988,0.1,uniref_bfd_mgnify,491,Lassa,fitness,0.0114472773383289,1114,0.5062836624775583,491,276.0586030637686
NIPAH_F_Larsen,0.2527906650391179,0.5,uniref100,602,Nipah ,fitness,0.0033629859587358,45,0.6,602,7.572456709956709
NIPAH_F_Larsen,0.3451820587831949,0.3,uniref100,602,Nipah ,fitness,0.0034542218300329,3222,0.0083798882681564,602,8.0
NIPAH_F_Larsen,0.3274576400641286,0.1,uniref100,602,Nipah ,fitness,0.0034542218300329,5094,0.0053003533568904,602,8.0
NIPAH_F_Larsen,0.3351111395220774,0.05,uniref100,602,Nipah ,fitness,0.0032324088854739,5094,0.0053003533568904,602,7.0
NIPAH_F_Larsen,0.3310104242974854,0.04,uniref100,602,Nipah ,fitness,0.0032324088854739,5099,0.0052951559129241,602,7.0
NIPAH_F_Larsen,0.3327981125874206,0.03,uniref100,602,Nipah ,fitness,0.0032324088854739,5077,0.0053181012408902,602,7.000000000000003
NIPAH_F_Larsen,0.2324326986631254,0.5,uniref90,602,Nipah ,fitness,0.0,12,0.1666666666666666,602,1.0
NIPAH_F_Larsen,0.3321210469278372,0.3,uniref90,602,Nipah ,fitness,0.0,213,0.0093896713615023,602,1.0
NIPAH_F_Larsen,0.3201151045959167,0.1,uniref90,602,Nipah ,fitness,0.0,255,0.0078431372549019,602,1.0
NIPAH_F_Larsen,0.3136305614107034,0.05,uniref90,602,Nipah ,fitness,0.0,256,0.0078125,602,1.0
NIPAH_F_Larsen,0.3072309658737903,0.04,uniref90,602,Nipah ,fitness,0.0,256,0.0078125,602,1.0
NIPAH_F_Larsen,0.3410378302918148,0.03,uniref90,602,Nipah ,fitness,0.0,251,0.0079681274900398,602,1.0
NIPAH_F_Larsen,0.1800416418853038,0.5,uniref_bfd_mgnify,602,Nipah ,fitness,0.0033629859587358,53,0.5094339622641509,602,7.572456709956709
NIPAH_F_Larsen,0.2908046079375743,0.3,uniref_bfd_mgnify,602,Nipah ,fitness,0.003649874713183,3283,0.0085287846481876,602,9.0
NIPAH_F_Larsen,0.2680594868668133,0.1,uniref_bfd_mgnify,602,Nipah ,fitness,0.003649874713183,3357,0.0083407804587429,602,9.0
NIPAH_F_Larsen,0.2715801053022553,0.05,uniref_bfd_mgnify,602,Nipah ,fitness,0.0034542218300329,5173,0.0054127198917456,602,8.0
SARS2_PRD0038_RBD_Starr,0.3752745805092212,0.5,uniref100,1256,PRD-0038,expression,0.0012813996118105,6029,0.0011610549013103,1256,5.0
SARS2_PRD0038_RBD_Starr,0.3962840061091948,0.3,uniref100,1256,PRD-0038,expression,0.0008746913126338,6039,0.0008279516476237,1256,3.0
SARS2_PRD0038_RBD_Starr,0.3693046601175329,0.1,uniref100,1256,PRD-0038,expression,0.0008746913126338,6030,0.0008291873963515,1256,3.0
SARS2_PRD0038_RBD_Starr,0.3674942040457864,0.05,uniref100,1256,PRD-0038,expression,0.0008746913126338,6097,0.0008200754469411,1256,3.0
SARS2_PRD0038_RBD_Starr,0.3579525089835847,0.04,uniref100,1256,PRD-0038,expression,0.0008746913126338,6097,0.0008200754469411,1256,3.0
SARS2_PRD0038_RBD_Starr,0.3700782597372021,0.03,uniref100,1256,PRD-0038,expression,0.0008746913126338,6094,0.0008204791598293,1256,3.0
SARS2_PRD0038_RBD_Starr,0.4065864919640192,0.5,uniref90,1256,PRD-0038,expression,0.0008746913126338,594,0.005050505050505,1256,3.0
SARS2_PRD0038_RBD_Starr,0.3953779235587438,0.3,uniref90,1256,PRD-0038,expression,0.0008746913126338,600,0.005,1256,3.0
SARS2_PRD0038_RBD_Starr,0.3373918847925182,0.1,uniref90,1256,PRD-0038,expression,0.0012813996118105,587,0.0085178875638841,1256,5.0
SARS2_PRD0038_RBD_Starr,0.3747293264214161,0.05,uniref90,1256,PRD-0038,expression,0.0008746913126338,588,0.0051020408163265,1256,3.0
SARS2_PRD0038_RBD_Starr,0.373121637409686,0.04,uniref90,1256,PRD-0038,expression,0.0008746913126338,588,0.0051020408163265,1256,3.0
SARS2_PRD0038_RBD_Starr,0.3778456679326341,0.03,uniref90,1256,PRD-0038,expression,0.0008746913126338,592,0.0050675675675675,1256,3.0
SARS2_PRD0038_RBD_Starr,0.3617492815981138,0.5,uniref_bfd_mgnify,1256,PRD-0038,expression,0.0012813996118105,6057,0.0011556876341423,1256,5.0
SARS2_PRD0038_RBD_Starr,0.3926997583897504,0.3,uniref_bfd_mgnify,1256,PRD-0038,expression,0.0008746913126338,6029,0.0008293249295073,1256,3.0
SARS2_PRD0038_RBD_Starr,0.376459215147032,0.1,uniref_bfd_mgnify,1256,PRD-0038,expression,0.0008746913126338,6021,0.0008304268393954,1256,3.0
SARS2_PRD0038_RBD_Starr,0.3676813242372885,0.05,uniref_bfd_mgnify,1256,PRD-0038,expression,0.0008746913126338,6093,0.0008206138191367,1256,3.0
SARS2_PRD0038_RBD_Starr,0.3701569035536082,0.04,uniref_bfd_mgnify,1256,PRD-0038,expression,0.0008746913126338,6094,0.0008204791598293,1256,3.0
SARS2_PRD0038_RBD_Starr,0.3669476410599235,0.03,uniref_bfd_mgnify,1256,PRD-0038,expression,0.0008746913126338,6090,0.0008210180623973,1256,3.0
PESV_POLG_Tsuboyama,0.2710924136125842,0.5,uniref100,53,Porcine enteric sapovirus,stability,0.0207285337484549,2909,0.0147817119284977,53,3.0000000000000004
PESV_POLG_Tsuboyama,0.3517519850922264,0.3,uniref100,53,Porcine enteric sapovirus,stability,0.0261564973796205,27303,0.0015749185071237,53,4.0
PESV_POLG_Tsuboyama,0.1015430769230456,0.1,uniref100,53,Porcine enteric sapovirus,stability,0.0130782486898102,86177,0.0004989730438516,53,2.0000000000000004
PESV_POLG_Tsuboyama,0.0740529130548341,0.05,uniref100,53,Porcine enteric sapovirus,stability,0.0130782486898102,135387,0.000317608042131,53,1.9999999999999976
PESV_POLG_Tsuboyama,0.0542446750148901,0.04,uniref100,53,Porcine enteric sapovirus,stability,0.0130782486898102,121858,0.0003528697336243,53,1.999999999999997
PESV_POLG_Tsuboyama,0.0631637619975309,0.03,uniref100,53,Porcine enteric sapovirus,stability,0.0130782486898102,130438,0.0003296585350894,53,1.999999999999997
PESV_POLG_Tsuboyama,0.3818613476939739,0.5,uniref90,53,Porcine enteric sapovirus,stability,0.0130782486898102,172,0.0348837209302325,53,2.0
PESV_POLG_Tsuboyama,0.3709206235084274,0.3,uniref90,53,Porcine enteric sapovirus,stability,0.0130782486898102,11819,0.0005076571621964,53,2.0
PESV_POLG_Tsuboyama,0.10194921738991,0.1,uniref90,53,Porcine enteric sapovirus,stability,0.0130782486898102,29632,0.0002024838012958,53,2.0
PESV_POLG_Tsuboyama,0.0646644404252952,0.05,uniref90,53,Porcine enteric sapovirus,stability,0.0130782486898102,47205,0.000127105179536,53,2.0
PESV_POLG_Tsuboyama,0.0760402212820883,0.04,uniref90,53,Porcine enteric sapovirus,stability,0.0130782486898102,51027,0.0001175848080428,53,2.0
PESV_POLG_Tsuboyama,0.1177925089490183,0.03,uniref90,53,Porcine enteric sapovirus,stability,0.0130782486898102,51601,0.0001162768163407,53,2.0
PESV_POLG_Tsuboyama,0.2667255712455263,0.5,uniref_bfd_mgnify,53,Porcine enteric sapovirus,stability,0.0207285337484549,3085,0.0145867098865478,53,3.0000000000000004
RmYN02_RBD_Starr,,0.5,uniref100,182,RmYN02,expression,0.0005649121275957,6023,0.0003320604349991,1227,2.0
RmYN02_RBD_Starr,0.0146101538875609,0.3,uniref100,182,RmYN02,expression,0.0005649121275957,6036,0.0003313452617627,1227,2.0
RmYN02_RBD_Starr,-0.2299360648580131,0.1,uniref100,182,RmYN02,expression,0.0005649121275957,6034,0.0003314550878355,1227,2.0
RmYN02_RBD_Starr,-0.2110836656314215,0.05,uniref100,182,RmYN02,expression,0.0005649121275957,6036,0.0003313452617627,1227,2.0
RmYN02_RBD_Starr,-0.194038314392396,0.04,uniref100,182,RmYN02,expression,0.0005649121275957,6035,0.0003314001657,1227,2.0
RmYN02_RBD_Starr,-0.1959633182689577,0.03,uniref100,182,RmYN02,expression,0.0005649121275957,6038,0.0003312355084465,1227,2.0
RmYN02_RBD_Starr,-0.1256873356583011,0.5,uniref90,182,RmYN02,expression,0.0005649121275957,592,0.0033783783783783,1227,2.0
RmYN02_RBD_Starr,0.1678768365114689,0.3,uniref90,182,RmYN02,expression,0.0005649121275957,600,0.0033333333333333,1227,2.0
RmYN02_RBD_Starr,0.0811345600080057,0.1,uniref90,182,RmYN02,expression,0.0005649121275957,592,0.0033783783783783,1227,2.0
RmYN02_RBD_Starr,0.0812828422729299,0.05,uniref90,182,RmYN02,expression,0.0005649121275957,592,0.0033783783783783,1227,2.0
RmYN02_RBD_Starr,0.1729918403651111,0.04,uniref90,182,RmYN02,expression,0.0005649121275957,592,0.0033783783783783,1227,2.0
RmYN02_RBD_Starr,0.1330063196175407,0.03,uniref90,182,RmYN02,expression,0.0005649121275957,592,0.0033783783783783,1227,2.0
RmYN02_RBD_Starr,,0.5,uniref_bfd_mgnify,182,RmYN02,expression,0.0005649121275957,6004,0.0003331112591605,1227,2.0
RmYN02_RBD_Starr,-0.0089323824304872,0.3,uniref_bfd_mgnify,182,RmYN02,expression,0.0005649121275957,6025,0.0003319502074688,1227,2.0
RmYN02_RBD_Starr,-0.1919001593540359,0.1,uniref_bfd_mgnify,182,RmYN02,expression,0.0005649121275957,6033,0.0003315100281783,1227,2.0
RmYN02_RBD_Starr,-0.2491867118028092,0.05,uniref_bfd_mgnify,182,RmYN02,expression,0.0005649121275957,6034,0.0003314550878355,1227,2.0
RmYN02_RBD_Starr,-0.2281662514836501,0.04,uniref_bfd_mgnify,182,RmYN02,expression,0.0005649121275957,6030,0.0003316749585406,1227,2.0
RmYN02_RBD_Starr,-0.2253036786681127,0.03,uniref_bfd_mgnify,182,RmYN02,expression,0.0005649121275957,6034,0.0003314550878355,1227,2.0
RsYN04_RBD_Starr,,0.5,uniref100,197,RsYN04,expression,0.0,6028,0.0004976775049767,1252,1.0
RsYN04_RBD_Starr,,0.3,uniref100,197,RsYN04,expression,0.0,6030,0.0004975124378109,1252,1.0
RsYN04_RBD_Starr,0.009472393311877,0.1,uniref100,197,RsYN04,expression,0.0,6029,0.0004975949577044,1252,1.0
RsYN04_RBD_Starr,,0.05,uniref100,197,RsYN04,expression,0.0,5999,0.0005000833472245,1252,1.0
RsYN04_RBD_Starr,-0.0950145841679632,0.04,uniref100,197,RsYN04,expression,0.0,6027,0.0004977600796416,1252,1.0
RsYN04_RBD_Starr,0.0770268050286921,0.03,uniref100,197,RsYN04,expression,0.0,6063,0.0004948045522018,1252,1.0
RsYN04_RBD_Starr,0.108989753609871,0.5,uniref90,197,RsYN04,expression,0.0,591,0.0033840947546531,1252,1.0
RsYN04_RBD_Starr,0.1076091038352656,0.3,uniref90,197,RsYN04,expression,0.0,601,0.0033277870216306,1252,1.0
RsYN04_RBD_Starr,0.0176699728579611,0.1,uniref90,197,RsYN04,expression,0.0,591,0.0033840947546531,1252,1.0
RsYN04_RBD_Starr,0.0231257558155477,0.05,uniref90,197,RsYN04,expression,0.0,588,0.0034013605442176,1252,1.0
RsYN04_RBD_Starr,,0.04,uniref90,197,RsYN04,expression,0.0,585,0.0034188034188034,1252,1.0
RsYN04_RBD_Starr,,0.03,uniref90,197,RsYN04,expression,0.0,585,0.0034188034188034,1252,1.0
RsYN04_RBD_Starr,,0.5,uniref_bfd_mgnify,197,RsYN04,expression,0.0,6020,0.0004983388704318,1252,1.0
RsYN04_RBD_Starr,,0.3,uniref_bfd_mgnify,197,RsYN04,expression,0.0,6027,0.0004977600796416,1252,1.0
RsYN04_RBD_Starr,0.0494721263283497,0.1,uniref_bfd_mgnify,197,RsYN04,expression,0.0,6030,0.0004975124378109,1252,1.0
RsYN04_RBD_Starr,,0.05,uniref_bfd_mgnify,197,RsYN04,expression,0.0,6022,0.0004981733643307,1252,1.0
RsYN04_RBD_Starr,0.0002999491098056,0.04,uniref_bfd_mgnify,197,RsYN04,expression,0.0,5979,0.0005017561465127,1252,1.0
RsYN04_RBD_Starr,-0.0518764905289764,0.03,uniref_bfd_mgnify,197,RsYN04,expression,0.0,6034,0.0004971826317533,1252,1.0
SARS2_BA1_SPIKE_Dadonaite,0.3726888776004857,0.5,uniref100,1249,SARS-COV-2,fitness,0.0040071659314405,4056,0.2822978303747535,1249,149.1496625348559
SARS2_BA1_SPIKE_Dadonaite,0.3281863390151873,0.3,uniref100,1249,SARS-COV-2,fitness,0.0040437529952759,6103,0.2108798951335408,1249,156.12352035636144
SARS2_BA1_SPIKE_Dadonaite,0.3766057396767243,0.1,uniref100,1249,SARS-COV-2,fitness,0.0039633692611163,6074,0.162331247942048,1249,141.21000890373674
SARS2_BA1_SPIKE_Dadonaite,0.3774749138753049,0.05,uniref100,1249,SARS-COV-2,fitness,0.0039632394701855,6039,0.1634376552409339,1249,141.18711936374626
SARS2_BA1_SPIKE_Dadonaite,0.3700515822797677,0.04,uniref100,1249,SARS-COV-2,fitness,0.003977589254444,6041,0.1627214037411024,1249,143.74041206872673
SARS2_BA1_SPIKE_Dadonaite,0.370822402369416,0.03,uniref100,1249,SARS-COV-2,fitness,0.003940542685667,6079,0.1579207106431979,1249,137.24090529401028
SARS2_BA1_SPIKE_Dadonaite,0.3642590823136318,0.5,uniref90,1249,SARS-COV-2,fitness,0.00153681906728,546,0.0274725274725274,1249,6.817460317460318
SARS2_BA1_SPIKE_Dadonaite,0.3746534254360205,0.3,uniref90,1249,SARS-COV-2,fitness,0.0015058907225075,608,0.0246710526315789,1249,6.559126984126985
SARS2_BA1_SPIKE_Dadonaite,0.3815647123524119,0.1,uniref90,1249,SARS-COV-2,fitness,0.0016464049113055,604,0.0264900662251655,1249,7.817460317460318
SARS2_BA1_SPIKE_Dadonaite,0.3710431754508368,0.05,uniref90,1249,SARS-COV-2,fitness,0.0016464049113055,598,0.0267558528428093,1249,7.817460317460318
SARS2_BA1_SPIKE_Dadonaite,0.3819338692381365,0.04,uniref90,1249,SARS-COV-2,fitness,0.0016334993351477,598,0.0267558528428093,1249,7.692460317460318
SARS2_BA1_SPIKE_Dadonaite,0.348989358677681,0.03,uniref90,1249,SARS-COV-2,fitness,0.0019772442960228,591,0.0338409475465313,1249,11.817460317460318
SARS2_BA1_SPIKE_Dadonaite,0.3495118952964273,0.5,uniref_bfd_mgnify,1249,SARS-COV-2,fitness,0.0039716727862195,3811,0.2875885594332196,1249,142.68213301024863
SARS2_BA1_SPIKE_Dadonaite,0.3267462441401139,0.3,uniref_bfd_mgnify,1249,SARS-COV-2,fitness,0.0040356324346438,6096,0.2050524934383202,1249,154.54802830880593
SARS2_BA1_SPIKE_Dadonaite,0.3829992400136448,0.1,uniref_bfd_mgnify,1249,SARS-COV-2,fitness,0.0039097813315911,6032,0.1566644562334217,1249,132.06799230053988
SARS2_BA1_SPIKE_Dadonaite,0.3819118241547847,0.05,uniref_bfd_mgnify,1249,SARS-COV-2,fitness,0.0038963183302458,6027,0.1571262651402024,1249,129.86579804036452
SARS2_BA1_SPIKE_Dadonaite,0.3837891069062456,0.04,uniref_bfd_mgnify,1249,SARS-COV-2,fitness,0.0039193234186928,6028,0.1566025215660252,1249,133.65140431636004
SARS2_BA1_SPIKE_Dadonaite,0.3857509692982587,0.03,uniref_bfd_mgnify,1249,SARS-COV-2,fitness,0.0039154734245752,6021,0.1529646238166417,1249,133.01026521279553
SARS2_DELTA_SPIKE_Dadonaite,0.3096267728935342,0.5,uniref100,1250,SARS-COV-2,fitness,0.0042009684861916,4131,0.2900024207213749,1250,190.7971091586971
SARS2_DELTA_SPIKE_Dadonaite,0.2737489066789314,0.3,uniref100,1250,SARS-COV-2,fitness,0.0041293342919623,6109,0.2154198723195285,1250,174.45518077443126
SARS2_DELTA_SPIKE_Dadonaite,0.300683869977118,0.1,uniref100,1250,SARS-COV-2,fitness,0.0040400434422316,6096,0.1656824146981627,1250,156.03093717149562
SARS2_DELTA_SPIKE_Dadonaite,0.2977147338893845,0.05,uniref100,1250,SARS-COV-2,fitness,0.0040165674917265,6094,0.1644240236297998,1250,151.518747725767
SARS2_DELTA_SPIKE_Dadonaite,0.2982570668978224,0.04,uniref100,1250,SARS-COV-2,fitness,0.0040219376594129,6096,0.1619094488188976,1250,152.53927048377872
SARS2_DELTA_SPIKE_Dadonaite,0.2988909309338807,0.03,uniref100,1250,SARS-COV-2,fitness,0.0040086900531962,6094,0.1619625861503117,1250,150.03409473410352
SARS2_DELTA_SPIKE_Dadonaite,0.307751996077506,0.5,uniref90,1250,SARS-COV-2,fitness,0.0018606133538696,547,0.0402193784277879,1250,10.234523809523807
SARS2_DELTA_SPIKE_Dadonaite,0.3042227343284538,0.3,uniref90,1250,SARS-COV-2,fitness,0.0018681770353494,607,0.0362438220757825,1250,10.331746031746034
SARS2_DELTA_SPIKE_Dadonaite,0.2934973354049819,0.1,uniref90,1250,SARS-COV-2,fitness,0.0024680526096239,603,0.0895522388059701,1250,21.86890493837088
SARS2_DELTA_SPIKE_Dadonaite,0.2609842481941477,0.05,uniref90,1250,SARS-COV-2,fitness,0.00254787501104,592,0.1368243243243243,1250,24.16351289548656
SARS2_DELTA_SPIKE_Dadonaite,0.2656963174772738,0.04,uniref90,1250,SARS-COV-2,fitness,0.0021369389086664,589,0.0848896434634974,1250,14.45692640692642
SARS2_DELTA_SPIKE_Dadonaite,0.267976550126743,0.03,uniref90,1250,SARS-COV-2,fitness,0.0021132821357152,588,0.0459183673469387,1250,14.03568015019628
SARS2_DELTA_SPIKE_Dadonaite,0.3141825339581556,0.5,uniref_bfd_mgnify,1250,SARS-COV-2,fitness,0.0041740796726918,3982,0.2898041185334003,1250,184.4907987318372
SARS2_DELTA_SPIKE_Dadonaite,0.2721344267855537,0.3,uniref_bfd_mgnify,1250,SARS-COV-2,fitness,0.0041201846707825,6110,0.2098199672667757,1250,172.47129873414764
SARS2_DELTA_SPIKE_Dadonaite,0.3047298887373015,0.1,uniref_bfd_mgnify,1250,SARS-COV-2,fitness,0.0039894101713344,6097,0.1577825159914712,1250,146.46151741183692
SARS2_DELTA_SPIKE_Dadonaite,0.3052989806753559,0.05,uniref_bfd_mgnify,1250,SARS-COV-2,fitness,0.0039541730030117,6043,0.1545589938772133,1250,140.1504171085928
SARS2_DELTA_SPIKE_Dadonaite,0.3008005598625929,0.04,uniref_bfd_mgnify,1250,SARS-COV-2,fitness,0.0039607469590461,6105,0.1524979524979525,1250,141.30684037382483
SARS2_DELTA_SPIKE_Dadonaite,0.2978639657445951,0.03,uniref_bfd_mgnify,1250,SARS-COV-2,fitness,0.0039723142296478,6043,0.15224226377627,1250,143.36485107383237
SARS2_RBD_Starr_binding,0.2691705949316647,0.5,uniref100,1273,SARS-COV-2,binding,0.0041741611227988,3401,0.3548956189356071,1273,203.1017549411877
SARS2_RBD_Starr_binding,0.2315084624307175,0.3,uniref100,1273,SARS-COV-2,binding,0.0039968425655627,6046,0.2160105855110817,1273,162.06226057915904
SARS2_RBD_Starr_binding,0.2110526990188378,0.1,uniref100,1273,SARS-COV-2,binding,0.0038586374318302,6032,0.1666114058355437,1273,135.91714208862305
SARS2_RBD_Starr_binding,0.2181411370189948,0.05,uniref100,1273,SARS-COV-2,binding,0.0038333867134898,6031,0.1619963521804012,1273,131.6176707736713
SARS2_RBD_Starr_binding,0.2126948703278259,0.04,uniref100,1273,SARS-COV-2,binding,0.0038307327491993,6037,0.1611727679310916,1273,131.17375124066183
SARS2_RBD_Starr_binding,0.1936143594248639,0.03,uniref100,1273,SARS-COV-2,binding,0.0039073332288215,6036,0.1605367793240556,1273,144.60923887086628
SARS2_RBD_Starr_binding,0.2453158779541416,0.5,uniref90,1273,SARS-COV-2,binding,0.0021746767783734,532,0.0526315789473684,1273,15.932539682539682
SARS2_RBD_Starr_binding,0.25216886409536,0.3,uniref90,1273,SARS-COV-2,binding,0.0022083407996601,607,0.0477759472817133,1273,16.630158730158726
SARS2_RBD_Starr_binding,0.2388919410218107,0.1,uniref90,1273,SARS-COV-2,binding,0.0019344346031642,601,0.0399334442595673,1273,11.73452380952381
SARS2_RBD_Starr_binding,0.2307405012606048,0.05,uniref90,1273,SARS-COV-2,binding,0.002465011354699,595,0.0857142857142857,1273,23.056770435446907
SARS2_RBD_Starr_binding,0.2398908023440853,0.04,uniref90,1273,SARS-COV-2,binding,0.0019238438936757,593,0.0404721753794266,1273,11.577380952380953
SARS2_RBD_Starr_binding,0.2335566317745047,0.03,uniref90,1273,SARS-COV-2,binding,0.0019238438936757,593,0.0354131534569983,1273,11.577380952380953
SARS2_RBD_Starr_binding,0.2486544198011535,0.5,uniref_bfd_mgnify,1273,SARS-COV-2,binding,0.0041603846036511,3063,0.3800195886385896,1273,199.57090773983032
SARS2_RBD_Starr_binding,0.2199307140603679,0.3,uniref_bfd_mgnify,1273,SARS-COV-2,binding,0.0039698118572998,6037,0.2100380983932416,1273,156.5805375186069
SARS2_RBD_Starr_binding,0.2020518966913954,0.1,uniref_bfd_mgnify,1273,SARS-COV-2,binding,0.0038829802991957,6039,0.1546613677761218,1273,140.194945358968
SARS2_RBD_Starr_binding,0.210300534787246,0.05,uniref_bfd_mgnify,1273,SARS-COV-2,binding,0.0038717391932842,6027,0.1543056246888999,1273,138.20305172702444
SARS2_RBD_Starr_binding,0.1907379744111135,0.04,uniref_bfd_mgnify,1273,SARS-COV-2,binding,0.0038754072643249,6033,0.1541521631029338,1273,138.84989360384276
SARS2_RBD_Starr_binding,0.1931147233662718,0.03,uniref_bfd_mgnify,1273,SARS-COV-2,binding,0.0038719932685801,6032,0.1541777188328912,1273,138.24775905479953
SARS2_RBD_Starr_expression,0.433014548406704,0.5,uniref100,1273,SARS-COV-2,binding,0.0041741611227988,3401,0.3548956189356071,1273,203.1017549411877
SARS2_RBD_Starr_expression,0.385058090724722,0.3,uniref100,1273,SARS-COV-2,binding,0.0039968425655627,6046,0.2160105855110817,1273,162.06226057915904
SARS2_RBD_Starr_expression,0.341081035969889,0.1,uniref100,1273,SARS-COV-2,binding,0.0038586374318302,6032,0.1666114058355437,1273,135.91714208862305
SARS2_RBD_Starr_expression,0.3444357431604531,0.05,uniref100,1273,SARS-COV-2,binding,0.0038333867134898,6031,0.1619963521804012,1273,131.6176707736713
SARS2_RBD_Starr_expression,0.3418176511290005,0.04,uniref100,1273,SARS-COV-2,binding,0.0038307327491993,6037,0.1611727679310916,1273,131.17375124066183
SARS2_RBD_Starr_expression,0.3301634972805164,0.03,uniref100,1273,SARS-COV-2,binding,0.0039073332288215,6036,0.1605367793240556,1273,144.60923887086628
SARS2_RBD_Starr_expression,0.4136602197589683,0.5,uniref90,1273,SARS-COV-2,binding,0.0021746767783734,532,0.0526315789473684,1273,15.932539682539682
SARS2_RBD_Starr_expression,0.416042954932903,0.3,uniref90,1273,SARS-COV-2,binding,0.0022083407996601,607,0.0477759472817133,1273,16.630158730158726
SARS2_RBD_Starr_expression,0.3938854072025056,0.1,uniref90,1273,SARS-COV-2,binding,0.0019344346031642,601,0.0399334442595673,1273,11.73452380952381
SARS2_RBD_Starr_expression,0.3943270205518421,0.05,uniref90,1273,SARS-COV-2,binding,0.002465011354699,595,0.0857142857142857,1273,23.056770435446907
SARS2_RBD_Starr_expression,0.3962983914235926,0.04,uniref90,1273,SARS-COV-2,binding,0.0019238438936757,593,0.0404721753794266,1273,11.577380952380953
SARS2_RBD_Starr_expression,0.3866521030902159,0.03,uniref90,1273,SARS-COV-2,binding,0.0019238438936757,593,0.0354131534569983,1273,11.577380952380953
SARS2_RBD_Starr_expression,0.4144129484196839,0.5,uniref_bfd_mgnify,1273,SARS-COV-2,binding,0.0041603846036511,3063,0.3800195886385896,1273,199.57090773983032
SARS2_RBD_Starr_expression,0.3908319948480984,0.3,uniref_bfd_mgnify,1273,SARS-COV-2,binding,0.0039698118572998,6037,0.2100380983932416,1273,156.5805375186069
SARS2_RBD_Starr_expression,0.3281746882859362,0.1,uniref_bfd_mgnify,1273,SARS-COV-2,binding,0.0038829802991957,6039,0.1546613677761218,1273,140.194945358968
SARS2_RBD_Starr_expression,0.341338876306497,0.05,uniref_bfd_mgnify,1273,SARS-COV-2,binding,0.0038717391932842,6027,0.1543056246888999,1273,138.20305172702444
SARS2_RBD_Starr_expression,0.326448396312413,0.04,uniref_bfd_mgnify,1273,SARS-COV-2,binding,0.0038754072643249,6033,0.1541521631029338,1273,138.84989360384276
SARS2_RBD_Starr_expression,0.3305224518777002,0.03,uniref_bfd_mgnify,1273,SARS-COV-2,binding,0.0038719932685801,6032,0.1541777188328912,1273,138.24775905479953
SARS2_XBB15_RBD_Taylor,0.3590052329294411,0.5,uniref100,1251,SARS-COV-2,expression,0.0039659795993835,4219,0.2678359800900687,1251,142.7993472517395
SARS2_XBB15_RBD_Taylor,0.3844933920177371,0.3,uniref100,1251,SARS-COV-2,expression,0.0038871920113261,6118,0.2123242889833279,1251,129.39596590170956
SARS2_XBB15_RBD_Taylor,0.333681828831244,0.1,uniref100,1251,SARS-COV-2,expression,0.0040293479394003,6103,0.1790922497132557,1251,154.58038807529522
SARS2_XBB15_RBD_Taylor,0.3285990259570567,0.05,uniref100,1251,SARS-COV-2,expression,0.0039461250843905,6100,0.1608196721311475,1251,139.29618320260207
SARS2_XBB15_RBD_Taylor,0.3271665433438884,0.04,uniref100,1251,SARS-COV-2,expression,0.003943927422116,6100,0.160327868852459,1251,138.91374557221454
SARS2_XBB15_RBD_Taylor,0.3121913005340684,0.03,uniref100,1251,SARS-COV-2,expression,0.0039396765410094,6100,0.1580327868852459,1251,138.17698352789446
SARS2_XBB15_RBD_Taylor,0.4073139349185138,0.5,uniref90,1251,SARS-COV-2,expression,0.0015343621223283,541,0.0277264325323475,1251,6.817460317460318
SARS2_XBB15_RBD_Taylor,0.4082737786228091,0.3,uniref90,1251,SARS-COV-2,expression,0.0015034832233508,609,0.0246305418719211,1251,6.559126984126985
SARS2_XBB15_RBD_Taylor,0.4107315739223143,0.1,uniref90,1251,SARS-COV-2,expression,0.0019023795102283,603,0.0364842454394693,1251,10.803571428571429
SARS2_XBB15_RBD_Taylor,0.399215072456123,0.05,uniref90,1251,SARS-COV-2,expression,0.0015195695979138,596,0.0251677852348993,1251,6.692460317460318
SARS2_XBB15_RBD_Taylor,0.3999145467480152,0.04,uniref90,1251,SARS-COV-2,expression,0.001612830188116,593,0.026981450252951,1251,7.520634920634921
SARS2_XBB15_RBD_Taylor,0.4017380172893678,0.03,uniref90,1251,SARS-COV-2,expression,0.001612830188116,591,0.027072758037225,1251,7.520634920634921
SARS2_XBB15_RBD_Taylor,0.3837238252637273,0.5,uniref_bfd_mgnify,1251,SARS-COV-2,expression,0.0038550934196766,3765,0.2855245683930943,1251,124.302967014122
SARS2_XBB15_RBD_Taylor,0.3736269833189032,0.3,uniref_bfd_mgnify,1251,SARS-COV-2,expression,0.0038949478281651,6114,0.2057572783774942,1251,130.65754408833837
SARS2_XBB15_RBD_Taylor,0.3206306513894731,0.1,uniref_bfd_mgnify,1251,SARS-COV-2,expression,0.0039133759616548,6106,0.1542744841139862,1251,133.704658713576
SARS2_XBB15_RBD_Taylor,0.3320969270943985,0.05,uniref_bfd_mgnify,1251,SARS-COV-2,expression,0.0038217945786087,6093,0.1567372394551124,1251,119.23126587419404
SARS2_XBB15_RBD_Taylor,0.328355880763293,0.04,uniref_bfd_mgnify,1251,SARS-COV-2,expression,0.0038533283462801,6094,0.1550705612077453,1251,124.02879559631523
SARS2_XBB15_RBD_Taylor,0.303577436757163,0.03,uniref_bfd_mgnify,1251,SARS-COV-2,expression,0.0039117805324191,6095,0.1512715340442986,1251,133.43806612759502
SARS2_MRPO_Flynn,0.5603910270418809,0.5,uniref100,306,SARS-COV2,fitness,0.013839142145003,7340,0.5005449591280654,306,69.0463139687912
SARS2_MRPO_Flynn,0.5633567030088837,0.3,uniref100,306,SARS-COV2,fitness,0.0138391343855962,7337,0.5007496251874063,306,69.0461500269041
SARS2_MRPO_Flynn,0.5580548988337813,0.1,uniref100,306,SARS-COV2,fitness,0.0138391343855962,7337,0.5007496251874063,306,69.0461500269041
SARS2_MRPO_Flynn,0.2225774281743432,0.05,uniref100,306,SARS-COV2,fitness,0.0132228912858355,59033,0.0619484017413988,306,57.18003125296777
SARS2_MRPO_Flynn,0.5988841614906187,0.5,uniref90,306,SARS-COV2,fitness,0.0108945862286499,428,0.219626168224299,306,28.043121693121687
SARS2_MRPO_Flynn,0.6054992905355836,0.3,uniref90,306,SARS-COV2,fitness,0.0108945862286499,429,0.2191142191142191,306,28.043121693121687
SARS2_MRPO_Flynn,0.59957917145195,0.1,uniref90,306,SARS-COV2,fitness,0.0108945862286499,429,0.2191142191142191,306,28.043121693121687
SARS2_MRPO_Flynn,0.0436651263539772,0.05,uniref90,306,SARS-COV2,fitness,0.0,16096,6.212723658051689e-05,306,1.0
SARS2_MRPO_Flynn,0.3288895140031897,0.04,uniref90,306,SARS-COV2,fitness,0.0117658294219159,8057,0.0148938810971825,306,36.6108191935778
SARS2_MRPO_Flynn,0.2767196159966358,0.03,uniref90,306,SARS-COV2,fitness,0.0118082299771737,14712,0.0087683523654159,306,37.08892371995822
SARS2_PLPRO_Wu_abundance,0.4054429059712924,0.5,uniref100,316,SARS-COV2,abundance,0.0137802267033966,5232,0.6271024464831805,316,77.8319206581169
SARS2_PLPRO_Wu_abundance,0.3794343912821771,0.3,uniref100,316,SARS-COV2,abundance,0.0137393098221451,8297,0.395444136434856,316,76.83205253459116
SARS2_PLPRO_Wu_abundance,0.3819373845281786,0.1,uniref100,316,SARS-COV2,abundance,0.0137393098221451,9011,0.3641105315725225,316,76.83205253459118
SARS2_PLPRO_Wu_abundance,0.2494313596269716,0.05,uniref100,316,SARS-COV2,abundance,0.0152195711754905,512928,0.0068957046603032,316,122.65609840165624
SARS2_PLPRO_Wu_abundance,0.4000130257324958,0.5,uniref90,316,SARS-COV2,abundance,0.0100571323745188,263,0.2015209125475285,316,24.0
SARS2_PLPRO_Wu_abundance,0.3794425050477926,0.3,uniref90,316,SARS-COV2,abundance,0.0100571323745188,468,0.1132478632478632,316,24.0
SARS2_PLPRO_Wu_abundance,0.377899165844848,0.1,uniref90,316,SARS-COV2,abundance,0.0100571323745188,539,0.098330241187384,316,24.0
SARS2_PLPRO_Wu_abundance,0.208668081292457,0.05,uniref90,316,SARS-COV2,abundance,0.0092323549737109,200562,0.0001944535854249,316,18.493589743589745
SARS2_PLPRO_Wu_abundance,0.1003811156263673,0.04,uniref90,316,SARS-COV2,abundance,0.0,200851,4.978815141572609e-06,316,1.0
SARS2_PLPRO_Wu_activity,0.4664738452800835,0.5,uniref100,316,SARS-COV2,activity,0.0137802267033966,5232,0.6271024464831805,316,77.8319206581169
SARS2_PLPRO_Wu_activity,0.4136462932992667,0.3,uniref100,316,SARS-COV2,activity,0.0137393098221451,8297,0.395444136434856,316,76.83205253459116
SARS2_PLPRO_Wu_activity,0.4320335186342294,0.1,uniref100,316,SARS-COV2,activity,0.0137393098221451,9011,0.3641105315725225,316,76.83205253459118
SARS2_PLPRO_Wu_activity,0.2764395770553265,0.05,uniref100,316,SARS-COV2,activity,0.0152195711754905,512928,0.0068957046603032,316,122.65609840165624
SARS2_PLPRO_Wu_activity,0.4466715797232977,0.5,uniref90,316,SARS-COV2,activity,0.0100571323745188,263,0.2015209125475285,316,24.0
SARS2_PLPRO_Wu_activity,0.432021807200419,0.3,uniref90,316,SARS-COV2,activity,0.0100571323745188,468,0.1132478632478632,316,24.0
SARS2_PLPRO_Wu_activity,0.4400170452500024,0.1,uniref90,316,SARS-COV2,activity,0.0100571323745188,539,0.098330241187384,316,24.0
SARS2_PLPRO_Wu_activity,0.1910775670028723,0.05,uniref90,316,SARS-COV2,activity,0.0092323549737109,200562,0.0001944535854249,316,18.493589743589745
SARS2_PLPRO_Wu_activity,0.0564071258445804,0.04,uniref90,316,SARS-COV2,activity,0.0,200851,4.978815141572609e-06,316,1.0
BPP22_COAT_Tsuboyama,0.3422452541541775,0.5,uniref100,40,Salmonella phage P22,stability,0.0575646273248511,138520,0.0013066705168928,40,9.999999999999996
BPP22_COAT_Tsuboyama,0.2165939450137247,0.3,uniref100,40,Salmonella phage P22,stability,0.0575646273248511,97777,0.0018511510887018,40,9.999999999999996
BPP22_COAT_Tsuboyama,0.1584801351960059,0.1,uniref100,40,Salmonella phage P22,stability,0.0575646273248511,261392,0.0006924465936218,40,9.999999999999998
BPP22_COAT_Tsuboyama,0.1577643518123901,0.05,uniref100,40,Salmonella phage P22,stability,0.0575646273248511,293786,0.0006160947083931,40,9.999999999999996
BPP22_COAT_Tsuboyama,0.1739323431313897,0.04,uniref100,40,Salmonella phage P22,stability,0.0575646273248511,326881,0.0005537183256292,40,9.999999999999996
BPP22_COAT_Tsuboyama,0.1726877325302538,0.03,uniref100,40,Salmonella phage P22,stability,0.0575646273248511,358431,0.0005049786430303,40,9.999999999999996
BPP22_COAT_Tsuboyama,0.3819819081148339,0.5,uniref90,40,Salmonella phage P22,stability,0.0173286795139986,45214,6.635113018091741e-05,40,2.0
BPP22_COAT_Tsuboyama,0.1918418770731451,0.3,uniref90,40,Salmonella phage P22,stability,0.0173286795139986,38858,7.720417931957384e-05,40,2.0
BPP22_COAT_Tsuboyama,0.1932668703573074,0.1,uniref90,40,Salmonella phage P22,stability,0.0173286795139986,97594,3.073959464721192e-05,40,2.0
BPP22_COAT_Tsuboyama,0.1296085583865594,0.05,uniref90,40,Salmonella phage P22,stability,0.0173286795139986,168979,1.7753685369187887e-05,40,2.0
BPP22_COAT_Tsuboyama,0.154978330203306,0.04,uniref90,40,Salmonella phage P22,stability,0.0447939867307013,216592,3.2318829873679546e-05,40,6.0
BPP22_COAT_Tsuboyama,0.1446807571805002,0.03,uniref90,40,Salmonella phage P22,stability,0.0447939867307013,243304,2.877059152336172e-05,40,6.0
