mutation,count,first_seen
I10T,79,2020-01-01
A16T,10,2020-01-01
Y249H,9,2020-08-18
I5V,8,2020-01-01
G21V,8,2020-10-05
L13I,7,2020-09-25
I290V,7,2020-09-25
I64T,7,2021-09-23
K223R,4,2021-04-01
I156K,4,2021-04-01
T26R,3,2020-09-04
L11X,3,2021-06-24
R370K,2,2021-12-15
I19T,2,2021-03-24
R277X,2,2020-09-21
L127I,2,2021-03-17
S225N,2,2021-02-09
F15S,2,2021-03-23
R285X,2,2021-03-18
S328N,2,2021-04-02
R421K,2,2021-04-05
I10X,2,2020-09-21
A179T,2,2021-03-17
K484Q,2,2020-11-10
I551V,2,2020-11-09
K2R,2,2020-08-31
S8G,2,2020-07-13
N138T,2,2020-08-31
P37Q,2,2020-01-01
D69Y,2,2020-10-21
S374Y,2,2020-11-10
P119S,1,2020-09-23
Q73H,1,2020-10-05
D477E,1,2020-09-16
V220I,1,2020-09-12
N491X,1,2021-04-08
K466X,1,2021-03-22
K396X,1,2021-03-22
I258T,1,2020-10-08
I531V,1,2020-09-09
K98E,1,2020-09-08
Y121H,1,2020-09-22
M478V,1,2020-09-25
S328G,1,2020-07-22
F15L,1,2020-08-31
P289L,1,2020-09-14
R421S,1,2021-03-01
L13F,1,2021-02-16
D23G,1,2021-03-02
Y9X,1,2021-02-08
L444I,1,2021-02-08
T26M,1,2021-09-23
